id,place_id,name,address,city,county,zip,phone,website,rating,review_count,categories,business_status,hours_json,franchise_flag,license_verified,matched_license_number,matched_principal_name,match_confidence,source_sweeps,created_at
689,ChIJ3SmiHqaL7IgRis-epAPJu0U,Southern Environmental Solutions Mold Inspection & Testing,,Sneads,Jackson,,+1850-702-4594,https://southernenvironmentalsolutions.com/,4.9,214,"fire and water damage restoration,mold assessment,mold remediation,mold testing,water damage restoration",,,0,0,,,none,"fire and water damage restoration,mold assessment,mold remediation,mold testing,water damage restoration",2026-08-28 20:40:17
690,ChIJm-B71MdY7IgR6dEM0QQNuLg,SERVPRO of North Leon County,"3841 Killearn Ct STE B, Tallahassee, FL 32309",TALLAHASSEE,Leon,,+1850-446-6920,https://www.servpro.com/locations/fl/servpro-of-north-leon-county?utm_medium=organic&utm_source=gbp,4.8,98,"disaster restoration company,fire and water damage restoration,mold assessment,mold inspection,mold remediation,mold testing,water damage restoration",,,1,0,,,none,"disaster restoration company,fire and water damage restoration,mold assessment,mold inspection,mold remediation,mold testing,water damage restoration",2026-08-28 20:40:17
691,ChIJv170TPCL7IgRxHz2mPUigTA,SERVPRO of Central Tallahassee,"2827 Manufacturer Ct, Tallahassee, FL 32310",TALLAHASSEE,Leon,,+1850-765-5706,https://www.servpro.com/locations/fl/servpro-of-central-tallahassee?utm_medium=organic&utm_source=gbp,4.8,89,"disaster restoration company,fire and water damage restoration,mold assessment,mold inspection,mold remediation,mold testing,water damage restoration",,,1,0,,,none,"disaster restoration company,fire and water damage restoration,mold assessment,mold inspection,mold remediation,mold testing,water damage restoration",2026-08-28 20:40:17
692,ChIJ79YVdgXTsw0RiL2WZ90xRqY,The Healthy Environments,"6309 Coach House Ct, Tallahassee, FL 32312",TALLAHASSEE,Leon,,+1850-272-7080,https://www.thehealthyenvironments.com/?utm_source=omg-gbp&utm_medium=webclick,4.7,70,"disaster restoration company,fire and water damage restoration,mold assessment,mold inspection,mold remediation,mold testing,water damage restoration",,,0,0,,,none,"disaster restoration company,fire and water damage restoration,mold assessment,mold inspection,mold remediation,mold testing,water damage restoration",2026-08-28 20:40:17
693,ChIJF-6LKb9f7IgRGtn0OwyU4qI,Indoor Environmental Management,"8821 W Tennessee St, Tallahassee, FL 32304",TALLAHASSEE,Leon,,+1850-383-6653,https://www.northernfloridacrawlspace.com/,5.0,98,"mold assessment,mold inspection,mold remediation,mold testing",,,0,1,MRSA1050,"HASSLER, JOHN DOUGLAS SR",high,"mold assessment,mold inspection,mold remediation,mold testing",2026-08-28 20:40:17
694,ChIJTZRh7jDx7IgRHhOsOZvdJdY,Paul Davis Restoration of Tallahassee,"5278 Tower Rd, Tallahassee, FL 32303",TALLAHASSEE,Leon,,+1850-576-7378,https://tallahassee.pauldavis.com/,4.6,80,"disaster restoration company,fire and water damage restoration,mold assessment,mold inspection,mold remediation,mold testing,water damage restoration",,,1,0,,,none,"disaster restoration company,fire and water damage restoration,mold assessment,mold inspection,mold remediation,mold testing,water damage restoration",2026-08-28 20:40:17
695,ChIJwVwJTONe7IgRkGSjJs8cEl0,SERVPRO of Tallahassee,"3161-1 Eliza Rd, Tallahassee, FL 32308",TALLAHASSEE,Leon,,+1850-629-5382,https://www.servpro.com/locations/fl/servpro-of-tallahassee?utm_medium=organic&utm_source=gbp,4.3,28,"disaster restoration company,fire and water damage restoration,mold assessment,mold inspection,mold remediation,mold testing,water damage restoration",,,1,1,MRSA84,"THAKKAR, AJAYKUMAR J",high,"disaster restoration company,fire and water damage restoration,mold assessment,mold inspection,mold remediation,mold testing,water damage restoration",2026-08-28 20:40:17
696,ChIJb9Y-4VXz7IgRS4xFmAVyriw,RECON Restoration & Reconstruction LLC,"5772 Mandy Ln, Tallahassee, FL 32304",TALLAHASSEE,Leon,,+1850-739-8862,http://www.recon-restoration.com/?utm_campaign=gmb,4.6,58,"disaster restoration company,fire and water damage restoration,mold assessment,mold inspection,mold remediation,mold testing,restoration company,water damage restoration",,,1,0,,,none,"disaster restoration company,fire and water damage restoration,mold assessment,mold inspection,mold remediation,mold testing,restoration company,water damage restoration",2026-08-28 20:40:17
697,ChIJufMm2uZe7IgRtz2tQIWlQXM,Ericks Environmental Consulting,"2991 Alexis Ct, Tallahassee, FL 32308",TALLAHASSEE,Leon,,+1850-556-8888,http://indoorairqualitymatters.com/,5.0,49,"mold remediation,mold testing",,,0,1,MRSA721,"ERICKS, CINDY GAIL",high,"mold remediation,mold testing",2026-08-28 20:40:17
698,ChIJk-GpYY9f7IgR9Ve0dmqw70A,Tallahassee Mold Specialists,"1335 E 6th Ave, Tallahassee, FL 32303",TALLAHASSEE,Leon,,+1239-474-3462,,5.0,1,"mold remediation,mold testing",,,0,0,,,none,"mold remediation,mold testing",2026-08-28 20:40:17
699,ChIJb7tuleyK7IgRJ37tk9WZdAw,Rytech Restoration of Tallahassee,,Sneads,Jackson,,+1850-610-1841,https://tallahassee.rytechinc.com/,4.7,55,"disaster restoration company,mold assessment,mold inspection,mold remediation,restoration company,water damage restoration",,,1,0,,,none,"disaster restoration company,mold assessment,mold inspection,mold remediation,restoration company,water damage restoration",2026-08-28 20:40:17
700,ChIJ60_L08dY7IgRQ_C1XNOOGNI,RECON Restoration & Reconstruction LLC,"3849 Killearn Ct Ste C, Tallahassee, FL 32309",TALLAHASSEE,Leon,,+1850-739-8862,https://www.recon-restoration.com/contact-us/,4.9,14,"disaster restoration company,fire and water damage restoration,mold assessment,mold inspection,mold remediation,mold testing,water damage restoration",,,1,0,,,none,"disaster restoration company,fire and water damage restoration,mold assessment,mold inspection,mold remediation,mold testing,water damage restoration",2026-08-28 20:40:17
701,ChIJC-rLlcBY7IgRtYP73KxnhVg,Southern Technologies,"1400 Village Square Blvd Ste 3-200, Tallahassee, FL 32312",TALLAHASSEE,Leon,,+1800-205-9568,,4.6,10,"disaster restoration company,fire and water damage restoration,mold remediation,mold testing,water damage restoration",,,0,0,,,none,"disaster restoration company,fire and water damage restoration,mold remediation,mold testing,water damage restoration",2026-08-28 20:40:17
702,ChIJK7dyIgD37IgRHMsJsthMVbQ,Tallahassee Mold Specialists,"3817 N Monroe St, Tallahassee, FL 32303",TALLAHASSEE,Leon,,+1239-474-3479,,5.0,3,"mold remediation,mold testing",,,0,0,,,none,"mold remediation,mold testing",2026-08-28 20:40:17
703,ChIJiz2EZM-L7IgRPPZyfEs0luQ,OneRestore,"4553 Woodville Hwy, Tallahassee, FL 32305",TALLAHASSEE,Leon,,+1850-400-4062,https://www.onerestore.com/tallahassee/,4.8,9,"disaster restoration company,mold inspection,mold testing",,,0,0,,,none,"disaster restoration company,mold inspection,mold testing",2026-08-28 20:40:17
704,ChIJJ9eE1gn17IgRfMN6gEug6FY,Mold Inspection & Testing Tallahassee,,Holt,Okaloosa,,+1850-629-0119,http://moldinspectionandtest.com/tallahassee-fl,4.5,8,mold inspection,,,0,0,,,none,mold inspection,2026-08-28 20:40:17
705,ChIJo8RZf29f7IgRiuLyDNEOPWw,ServiceMaster Professional Services Tallahassee,"1615a Capital Cir NE, Tallahassee, FL 32308",TALLAHASSEE,Leon,,+1850-402-8930,https://servicemasterrestore.com/servicemaster-of-tallahassee-fl,4.6,41,"disaster restoration company,fire and water damage restoration,mold remediation,restoration company,water damage restoration",,,1,0,,,none,"disaster restoration company,fire and water damage restoration,mold remediation,restoration company,water damage restoration",2026-08-28 20:40:18
706,ChIJX1VJteX07IgRmeOCGroHnhs,Water Damage Restoration Tallahassee,"324 Stadium Dr, Tallahassee, FL 32304",TALLAHASSEE,Leon,,+1448-231-0660,,5.0,1,"fire and water damage restoration,water damage restoration",,,1,0,,,none,"fire and water damage restoration,water damage restoration",2026-08-28 20:40:18
707,ChIJ2_y9axL17IgRn9taRAN96lY,Associated Services,"3452 Garber Dr, Tallahassee, FL 32303",TALLAHASSEE,Leon,,+1850-681-3148,http://www.associatedsvs.com/,4.3,38,"disaster restoration company,restoration company",,,0,0,,,none,"disaster restoration company,restoration company",2026-08-28 20:40:18
708,ChIJu4dMLyb17IgRYLz_vzd63Ko,FIRST ONSITE Property Restoration,"3701 Hartsfield Rd, Tallahassee, FL 32303",TALLAHASSEE,Leon,,+1850-786-2902,https://firstonsite.com/locations/united-states/fl/tallahassee/3701-hartsfield-road,4.2,15,"disaster restoration company,fire and water damage restoration,mold remediation,water damage restoration",,,1,0,,,none,"disaster restoration company,fire and water damage restoration,mold remediation,water damage restoration",2026-08-28 20:40:18
709,ChIJ4930dVQluGgRwHiUdIZz5og,North Florida Mold Consulting,,Baker,Okaloosa,,+1850-809-6653,http://www.nflamold.com/,5.0,12,"mold assessment,mold inspection",,,0,0,,,none,"mold assessment,mold inspection",2026-08-28 20:40:18
710,ChIJA55IocBY7IgRyGpVmZo87XA,Tallahassee Mold Pros,,Sneads,Jackson,,+1850-895-9989,https://tallahasseemoldpros.com/,1.0,2,"mold assessment,mold inspection",,,0,0,,,none,"mold assessment,mold inspection",2026-08-28 20:40:18
711,ChIJ5RZs3zfx7IgRA9Oqj2asFpM,"Tallahassee Home Inspection, LLC","4997 Oniel Ln, Tallahassee, FL 32303",TALLAHASSEE,Leon,,+1850-443-0785,http://tallahasseehomeinspection.com/,4.9,163,"mold assessment,mold inspection,mold testing",,,0,0,,,none,"mold assessment,mold inspection,mold testing",2026-08-28 20:40:18
712,ChIJ2bUDazDx7IgRFpCYZBEEZas,ACL Home Inspections,"3425 Bannerman Rd Ste 105-110, Tallahassee, FL 32312",TALLAHASSEE,Leon,,+1850-312-8919,,5.0,842,"mold assessment,mold inspection,mold testing",,,0,0,,,none,"mold assessment,mold inspection,mold testing",2026-08-28 20:40:18
713,ChIJhU_9mQFc7IgRlTcsigFgtd8,"Tallahassee Real Estate Inspections, LLC","2415 Napoleon Bonaparte Dr, Tallahassee, FL 32308",TALLAHASSEE,Leon,,+1850-765-1050,http://www.inspecttally.com/,4.7,166,"mold inspection,mold testing",,,0,0,,,none,"mold inspection,mold testing",2026-08-28 20:40:18
714,ChIJbStuRC_07IgRo_ziHpqdR7o,Ackuritlabs & Aqua Systems of Tallahassee,"3345 N Monroe St Ste B, Tallahassee, FL 32303",TALLAHASSEE,Leon,,+1850-601-9114,https://www.ackuritlabs.com/,4.8,84,mold testing,,,0,0,,,none,mold testing,2026-08-28 20:40:18
715,ChIJzcUWfXf17IgRbYsF8_nHTeI,Water Damage Tallahassee,"339 N Monroe St #125, Tallahassee, FL 32301",TALLAHASSEE,Leon,,+1239-448-5307,,4.0,2,water damage restoration,,,0,0,,,none,water damage restoration,2026-08-28 20:40:18
716,ChIJK1NzvbOL7IgRxFOyF04sTTo,Rapid Response Team,"4417 Entrepot Blvd, Tallahassee, FL 32310",TALLAHASSEE,Leon,,+1850-407-5030,https://www.rrtfl.com/?y_source=1_MTAzMjAwNTcyNS03MTUtbG9jYXRpb24ud2Vic2l0ZQ%3D%3D,5.0,9,"fire and water damage restoration,water damage restoration",,,0,0,,,none,"fire and water damage restoration,water damage restoration",2026-08-28 20:40:18
717,ChIJAQ7koJ1f7IgRiSKb7G-uu4U,Joe Taylor Restoration- Tallahassee,,Havana,Gadsden,,+1888-814-1455,https://www.jtrestoration.com/,5.0,4,mold remediation,,,1,0,,,none,mold remediation,2026-08-28 20:40:18
718,ChIJb4aWjpA0niMRg11vPNip4PQ,Five Star Restoration,,Havana,Gadsden,,+1720-740-8377,http://fivestarresto.com/denver,5.0,238,"disaster restoration company,mold remediation,water damage restoration",,,1,0,,,none,"disaster restoration company,mold remediation,water damage restoration",2026-08-28 20:40:18
719,ChIJ4fyLJ6df7IgRxRPOByJHCq0,Tallahassee Construction Group Inc.,"1882 Capital Cir NE Ste 205, Tallahassee, FL 32308",TALLAHASSEE,Leon,,+1850-528-2061,https://tcgi.pro/,4.9,12,restoration company,,,0,1,MRSR2053,"WOOD, SHAWN MICHAEL",high,restoration company,2026-08-28 20:40:18
720,ChIJE_dItJPz7IgRhRRJP6xoRzs,BELFOR Property Restoration,"5018 Tennessee Capital Blvd, Tallahassee, FL 32303",TALLAHASSEE,Leon,,+1448-206-3717,https://www.belfor.com/en/us/belfor-usa-offices/florida/tallahassee,5.0,2,"disaster restoration company,fire and water damage restoration,restoration company",,,1,0,,,none,"disaster restoration company,fire and water damage restoration,restoration company",2026-08-28 20:40:18
721,ChIJex8Aielf7IgRXRrq7aCOazs,"ACE REMODELING & RESTORATION, LLC","1321 Executive Center Dr, Tallahassee, FL 32301",TALLAHASSEE,Leon,,+1844-737-7733,https://www.ace-rr.com/,,,restoration company,,,1,0,,,none,restoration company,2026-08-28 20:40:18
722,ChIJmym_b_tZ7IgRr7AIZBFCE-w,Renew and Restore Property Maintenance LLC,"3623 Ocleon Dr, Tallahassee, FL 32312",TALLAHASSEE,Leon,,+1850-217-0489,https://rrpm.info/,5.0,74,restoration company,,,0,0,,,none,restoration company,2026-08-28 20:40:18
723,ChIJ-clRKLMavKsRresMUG1g-SA,"Blackwater Inspections, LLC","Blackwater Inspections, Crawfordville, FL 32327",CRAWFORDVILLE,Wakulla,,+1850-321-7841,http://www.blackwaterinspections.com/,4.2,5,"mold assessment,mold inspection,mold testing",,,0,0,,,none,"mold assessment,mold inspection,mold testing",2026-08-28 20:40:19
724,ChIJV0orljKE7IgRuUk-eP6460M,Brown's Insulation Company,"111 Rehwinkel Rd, Crawfordville, FL 32327",CRAWFORDVILLE,Wakulla,,+1850-926-8333,,5.0,12,mold remediation,,,1,0,,,none,mold remediation,2026-08-28 20:40:19
725,ChIJX9SGoE-E7IgRetouaTxBEiY,American Inspections LLC,,Carrabelle,Franklin,,+1850-519-5918,,4.8,67,"mold assessment,mold inspection",,,0,0,,,none,"mold assessment,mold inspection",2026-08-28 20:40:19
726,ChIJKwnHcz1okYgRANJckrxEprY,"Mold Testing Sciences, Inc.",,Holt,Okaloosa,,+1850-865-7218,http://www.moldtestingsciences.com/,4.7,15,"mold assessment,mold testing",,,0,0,,,none,"mold assessment,mold testing",2026-08-28 20:40:19
727,ChIJe5ExBQW70W4Rz8JhB7_PTuM,Mold Inspection Detection,,Crawfordville,Wakulla,,+1321-288-0889,https://moldinspectiondetection.com/?utm_source=omg-gbp&utm_medium=webclick,5.0,8,mold assessment,,,0,0,,,none,mold assessment,2026-08-28 20:40:19
728,ChIJ5ahuKv707IgRyZhpJPn2H4s,AirMD,,Crawfordville,Wakulla,,+1904-930-4317,http://www.airmd.com/areas-served/florida/tallahassee/,5.0,1,mold assessment,,,0,0,,,none,mold assessment,2026-08-28 20:40:19
729,ChIJG1uot0pd7IgREYcLMysQ2gU,Boom Gen Home Inspections LLC,,Hosford,Liberty,,+1850-631-7238,https://boomgenhomeinspections.com/,5.0,701,mold inspection,,,0,0,,,none,mold inspection,2026-08-28 20:40:19
730,ChIJse9U4byG7IgREVYxvtqKzEM,Prevue LLC: Residential Home Inspections and Consulting,"144 Tupelo Dr, Crawfordville, FL 32327",CRAWFORDVILLE,Wakulla,,+1850-570-1089,http://www.inspectionsbyprevue.com/,,,mold inspection,,,0,0,,,none,mold inspection,2026-08-28 20:40:19
731,ChIJB13Zd8iF7IgRW0L3DBGPtCA,Florida Sun Termite and Pest,"84 Ochlockonee St, Crawfordville, FL 32327",CRAWFORDVILLE,Wakulla,,+1850-706-4629,https://www.floridasunpestcontrol.com/?utm_source=GBPlisting&utm_medium=organic&utm_campaign=crawfordville,4.8,165,mold inspection,,,0,0,,,none,mold inspection,2026-08-28 20:40:19
732,ChIJa2iUmY6F7IgRWy40badlrF4,Silver Lining Carpet Care & Restoration,"17 Tafflinger Rd, Crawfordville, FL 32327",CRAWFORDVILLE,Wakulla,,+1850-508-2901,http://silverliningcarpetcare.com/,4.6,92,"restoration company,water damage restoration",,,1,0,,,none,"restoration company,water damage restoration",2026-08-28 20:40:19
733,ChIJi2W9DC2E7IgRIVxfIuqJsgs,Coastal Plastering & Repair,"119 Guy Strickland Rd, Crawfordville, FL 32327",CRAWFORDVILLE,Wakulla,,+1850-926-3660,https://www.tallahasseeplaster.com/,4.5,10,"disaster restoration company,water damage restoration",,,0,0,,,none,"disaster restoration company,water damage restoration",2026-08-28 20:40:19
734,ChIJb_ebncqF7IgRxdckjpN5200,Tech Pros,"10 Preston Cir Unit E, Crawfordville, FL 32327",CRAWFORDVILLE,Wakulla,,+1850-459-1975,http://www.techprosflorida.com/,4.9,168,water damage restoration,,,0,0,,,none,water damage restoration,2026-08-28 20:40:19
735,ChIJN55qvZVZ7IgRknDjEDQxiJo,American Exterior Cleaning,"3295 Crawfordville Hwy Ste 7, Crawfordville, FL 32327",CRAWFORDVILLE,Wakulla,,+1850-408-1078,http://americanexteriorclean.com/,5.0,132,"fire and water damage restoration,water damage restoration",,,0,0,,,none,"fire and water damage restoration,water damage restoration",2026-08-28 20:40:19
736,ChIJjaf_GgqG7IgRxQtd_0o2z5s,Gk Restorations Co,"Assembly Building, 173 McCallister Rd, Crawfordville, FL 32327",CRAWFORDVILLE,Wakulla,,+1850-926-5722,,5.0,4,restoration company,,,1,0,,,none,restoration company,2026-08-28 20:40:19
737,ChIJAQCQI-SF7IgRV9E31mSM9AY,Remade By Hand Inc Classic Porsche Restorations,"173 McCallister Rd, Crawfordville, FL 32327",CRAWFORDVILLE,Wakulla,,+1850-926-5722,http://gkrestorations.com/,5.0,1,restoration company,,,1,0,,,none,restoration company,2026-08-28 20:40:19
738,ChIJSxPWvSiJ7IgRNeIW7hUPTcQ,Kelleys Home Renovation,"40 Greenlea Dr, Crawfordville, FL 32327",CRAWFORDVILLE,Wakulla,,+1850-545-7930,https://www.kelleyshomerenovation.com/,4.8,5,"disaster restoration company,restoration company",,,1,0,,,none,"disaster restoration company,restoration company",2026-08-28 20:40:19
739,ChIJsZ4xgCmF7IgRQQ_NOrY4z04,Crum's Home Detail,"57 Shadow Oak Cir, Crawfordville, FL 32327",CRAWFORDVILLE,Wakulla,,+1850-296-7045,http://www.crumshomedetail.com/,5.0,8,restoration company,,,0,0,,,none,restoration company,2026-08-28 20:40:19
740,ChIJG6vGDBmF7IgRrlsGDoeTm8k,Above and Beyond Maintenance Services LLC,,Crawfordville,Wakulla,,+1850-518-0890,,5.0,24,restoration company,,,0,0,,,none,restoration company,2026-08-28 20:40:19
741,ChIJ2y79VbWF7IgRAF1dN11ukUI,Justa Geek,"9 Rainbow Dr #2270, Crawfordville, FL 32327",CRAWFORDVILLE,Wakulla,,+1850-491-8391,http://www.justageekwakulla.com/,5.0,102,restoration company,,,0,0,,,none,restoration company,2026-08-28 20:40:19
742,ChIJo_d0Q6Hz7IgR5M1hBf8CIJY,Logan Roofing,"1517 Crawfordville Hwy, Crawfordville, FL 32327",CRAWFORDVILLE,Wakulla,,+1850-926-3080,http://www.loganroof.com/,4.9,147,restoration company,,,0,0,,,none,restoration company,2026-08-28 20:40:19
743,ChIJ3anlQJELCkMRBcuF_asZqVs,David's Custom Fencing & Welding LLC.,"3083 Crawfordville Hwy, Crawfordville, FL 32327",CRAWFORDVILLE,Wakulla,,+1352-441-6649,http://davidscustoms.com/,4.9,111,restoration company,,,0,0,,,none,restoration company,2026-08-28 20:40:19
744,ChIJV3l_ynGyl6URbOf_sf4y8oE,Brim's Home Construction,"111 Richardson Rd, Crawfordville, FL 32327",CRAWFORDVILLE,Wakulla,,+1850-545-5111,https://brimshomeconstruction.my.canva.site/,5.0,12,disaster restoration company,,,0,0,,,none,disaster restoration company,2026-08-28 20:40:19
745,ChIJ0yV_f7E57IgRBUFCu0orkis,Environmental Mitigation Services,,Monticello,Jefferson,,+1850-320-2339,,5.0,1,"mold assessment,mold inspection,mold remediation",,,1,0,,,none,"mold assessment,mold inspection,mold remediation",2026-08-28 20:40:20
746,ChIJR1mCFdU57IgRNZD-MDRo-fY,Shore Up Foundation Repair,"487 Industrial Park, Monticello, FL 32344",MONTICELLO,Jefferson,,+1850-616-7171,https://www.shoreupfoundationrepair.com/?utm_source=google&utm_medium=organic&utm_campaign=gmb-monticello&utm_content=website,5.0,457,"disaster restoration company,mold inspection,mold remediation,mold testing,restoration company,water damage restoration",,,1,0,,,none,"disaster restoration company,mold inspection,mold remediation,mold testing,restoration company,water damage restoration",2026-08-28 20:40:20
747,ChIJdT2bt0Dx7IgRWGVL3kagqH0,Alpha Foundations Repair Tallahassee,"66 Industrial Park, Monticello, FL 32344",MONTICELLO,Jefferson,,+1850-801-6776,https://www.alphafoundations.com/about/meet-the-team/tallahassee-branch/?utm_source=google&utm_medium=organic&utm_campaign=gmb_alf-tlh,4.9,1048,"disaster restoration company,mold inspection,mold remediation,mold testing,restoration company,water damage restoration",,,1,0,,,none,"disaster restoration company,mold inspection,mold remediation,mold testing,restoration company,water damage restoration",2026-08-28 20:40:20
748,ChIJ07XFh5GR5ogRvrFdrfaZX4A,SafeHome Mold Inspections and Testing,,Holt,Okaloosa,,+1386-888-3683,https://www.safehomemoldinspections.com/,5.0,93,mold inspection,,,0,0,,,none,mold inspection,2026-08-28 20:40:20
749,ChIJXcSsOpVE7IgRSw-w7hAOAmo,J&J Pest Control Services & Dryer Vent Cleaning And Chimney Inspection Of FL,"3205 Baum Rd, Tallahassee, FL 32317",TALLAHASSEE,Leon,,+1239-235-6850,,4.2,13,mold inspection,,,0,0,,,none,mold inspection,2026-08-28 20:40:21
750,ChIJbSrfKTlA24gR5MrWX0Y04RI,Eco Mold Testing,,Cedar Key,Levy,,+1239-500-4326,https://www.ecomoldtesting.com/,4.9,49,"mold assessment,mold testing",,,0,0,,,none,"mold assessment,mold testing",2026-08-28 20:40:21
751,ChIJa8qxkLQ77IgR658tQ51KbzA,All Around Home and Business Solutions LLC,"2667 Aucilla Rd, Monticello, FL 32344",MONTICELLO,Jefferson,,+1850-745-9066,https://allaroundhomeandbusinesssolutions.com/,5.0,30,water damage restoration,,,0,0,,,none,water damage restoration,2026-08-28 20:40:21
752,ChIJv5Ttd6JI-CkRYsyA61SXwyQ,"All in one Cleaning & Restoration FL, Inc",,Monticello,Jefferson,,+1772-837-9977,https://allinonecleaningrestoration.com/,5.0,39,"fire and water damage restoration,water damage restoration",,,1,0,,,none,"fire and water damage restoration,water damage restoration",2026-08-28 20:40:21
753,ChIJw6S63vQ47IgRYr32QkQqIJE,"Vanguard North, Inc.","1248 Casa Bianca Rd, Monticello, FL 32344",MONTICELLO,Jefferson,,+1888-614-1652,https://www.vanguardnorth.com/,5.0,2,"fire and water damage restoration,restoration company,water damage restoration",,,0,0,,,none,"fire and water damage restoration,restoration company,water damage restoration",2026-08-28 20:40:21
754,ChIJK5X7PAhF7IgRTXt63xBdHL4,"Gumbati Handyman & Plumbing Services, LLC","1125 N Jefferson St, Monticello, FL 32344",MONTICELLO,Jefferson,,+1850-519-0025,https://www.gumbatihandymanservices.com/,4.6,37,water damage restoration,,,1,0,,,none,water damage restoration,2026-08-28 20:40:21
755,ChIJjRWyVDuS9UIRKjSKTIrrYC4,Water Restoration Florida,,McDavid,Escambia,,+1561-765-0127,https://waterrestorationflorida.com/,5.0,17,water damage restoration,,,1,0,,,none,water damage restoration,2026-08-28 20:40:21
756,ChIJ7w9aXRe25YgRF8bu2OKX4mc,"DRT Restoration, LLC",,Green Cove Springs,Clay,,+1904-894-6057,,5.0,21,"disaster restoration company,fire and water damage restoration,mold remediation,restoration company,water damage restoration",,,1,0,,,none,"disaster restoration company,fire and water damage restoration,mold remediation,restoration company,water damage restoration",2026-08-28 20:40:21
757,ChIJESInLUNZ7IgRN63PitCdYKc,WATER ADVISOR LLC,"5698 Burnside Cir, Tallahassee, FL 32312",TALLAHASSEE,Leon,,+1850-353-9333,http://tallahasseewaterdamagerestoration.com/,5.0,5,"disaster restoration company,fire and water damage restoration,restoration company,water damage restoration",,,0,0,,,none,"disaster restoration company,fire and water damage restoration,restoration company,water damage restoration",2026-08-28 20:40:21
758,ChIJLRJ-SBtWh2wR-LkvhLp6hNA,Tallahassee Brick Sealers LLC,,Monticello,Jefferson,,+1850-253-7547,http://tallahasseebricksealers.com/,5.0,12,water damage restoration,,,0,0,,,none,water damage restoration,2026-08-28 20:40:21
759,ChIJEahCauuK7IgR4HZ-9xqXUmo,Extreme Carpet Care & Restoration,"5311 Corwin Dr, Tallahassee, FL 32303",TALLAHASSEE,Leon,,+1850-493-6918,https://www.extremerocks.com/?utm_medium=gmb,4.6,193,restoration company,,,1,0,,,none,restoration company,2026-08-28 20:40:21
760,ChIJnzwd3ts57IgRZoDKlXvvato,Southern Foundation Solutions,"565 Monticello Ave, Monticello, FL 32344",MONTICELLO,Jefferson,,+1850-559-8905,https://southernfoundationsolutionsllc.com/?utm_source=GoogleProfile,5.0,49,"disaster restoration company,restoration company",,,1,0,,,none,"disaster restoration company,restoration company",2026-08-28 20:40:21
761,ChIJRcm-wM5Y7IgRnTl40mKvG84,Nature Bridges,"300 Industrial Park, Monticello, FL 32344",MONTICELLO,Jefferson,,+1850-997-8585,http://www.naturebridges.com/,5.0,3,restoration company,,,0,0,,,none,restoration company,2026-08-28 20:40:21
762,ChIJdwr2jE6gwiwR3l3-gDGF-9I,Snyder Contracting LLC,,Monticello,Jefferson,,+1850-509-2383,http://www.snyderpaving.com/,5.0,8,restoration company,,,0,0,,,none,restoration company,2026-08-28 20:40:21
763,ChIJzyp3l2857IgRY3PExFWVDVM,Site Truck Sales and Service,"141 Too Long Keen Rd, Monticello, FL 32344",MONTICELLO,Jefferson,,+1386-507-5211,http://sitetruck.com/,4.3,28,restoration company,,,0,0,,,none,restoration company,2026-08-28 20:40:21
764,ChIJBXWggcA57IgROuKIPakCHUA,"ABC Maintenance Service, LLC","230 W Washington St, Monticello, FL 32344",MONTICELLO,Jefferson,,+1850-509-4787,,4.3,6,restoration company,,,0,0,,,none,restoration company,2026-08-28 20:40:21
765,ChIJL9LXwN057IgRF3luR03ZZjg,Curtis Morgan's Garage Inc.,"1538 N Jefferson St, Monticello, FL 32344",MONTICELLO,Jefferson,,+1850-997-2798,,4.7,73,restoration company,,,0,0,,,none,restoration company,2026-08-28 20:40:21
766,ChIJkeuM30Zp7IgR-AJp7n1TOso,BILLYS heating and air cav llc,"1461 Upper Cody N, Monticello, FL 32344",MONTICELLO,Jefferson,,+1850-815-2449,https://notchilly-callbilly.com/,4.8,26,restoration company,,,1,0,,,none,restoration company,2026-08-28 20:40:21
767,ChIJM5b9pF457IgRQQ2Txp2Qzto,Monticello Materials & Welding,"1500 E Washington St, Monticello, FL 32344",MONTICELLO,Jefferson,,+1850-445-6417,,5.0,1,restoration company,,,0,0,,,none,restoration company,2026-08-28 20:40:21
768,ChIJRUIeGcNJD0URnagsohOl5S8,Stormhaven Restoration and Recovery LLC,,Trenton,Levy,,+1813-668-4411,http://www.stormhavenrestorationandrecovery.com/,5.0,110,"disaster restoration company,water damage restoration",,,1,0,,,none,"disaster restoration company,water damage restoration",2026-08-28 20:40:21
769,ChIJ1VNHQ0ff2IgRiOpy94IbB9c,Water Mold & Fire Restoration Inc.,,Chattahoochee,Gadsden,,+1561-370-9754,https://wmfrestorationinc.com/,5.0,21,fire and water damage restoration,,,1,0,,,none,fire and water damage restoration,2026-08-28 20:40:21
770,ChIJlTdsiZ48Ra4RhgJ1N_6rVh0,Number One,,McDavid,Escambia,,+1863-547-4470,https://numberonerestoration.com/,4.7,42,water damage restoration,,,0,0,,,none,water damage restoration,2026-08-28 20:40:21
771,ChIJu9k3exW_2YgRkDIoIteMohU,Water Mold Fire Restoration of Miami,,McDavid,Escambia,,+1305-999-5144,https://watermoldfire.net/miami-fl,5.0,114,water damage restoration,,,1,0,,,none,water damage restoration,2026-08-28 20:40:21
772,ChIJiQ9hWLXh2IgRnmVE1rzXJgo,Water Mold Fire Restoration of Boca Raton,,Youngstown,Bay,,+1561-401-0436,https://watermoldfire.net/boca-raton-fl,4.6,18,fire and water damage restoration,,,1,0,,,none,fire and water damage restoration,2026-08-28 20:40:21
773,ChIJxVIi6HfQjqURktp95b1dWG0,Water Mold Fire Restoration of Fort Lauderdale,,Starke,Bradford,,+1954-800-0801,https://watermoldfirefortlauderdale.com/,5.0,109,fire and water damage restoration,,,1,0,,,none,fire and water damage restoration,2026-08-28 20:40:21
774,ChIJuR03zu_BwogRBzx_2jnqCYg,Water Mold Fire Restoration of Tampa,,Starke,Bradford,,+1813-438-3891,https://watermoldfire.net/tampa-fl,4.7,18,fire and water damage restoration,,,1,0,,,none,fire and water damage restoration,2026-08-28 20:40:21
775,ChIJz46Qt40oXw8RmdpmU-FOk1k,CFL Restoration,,Monticello,Jefferson,,+1386-456-6707,https://www.cflrestoration.com/,5.0,13,fire and water damage restoration,,,1,0,,,none,fire and water damage restoration,2026-08-28 20:40:21
776,ChIJX--KjJEW1EoRjAxzp4MzX8k,River Mold and Water Damage Solutions,,Havana,Gadsden,,+1850-228-1019,https://rivermoldsolutions.net/,,,"mold remediation,water damage restoration",,,0,0,,,none,"mold remediation,water damage restoration",2026-08-28 20:40:22
777,ChIJ7eO3UvPXPSoRMZlPtM_Yddc,Florida Mold Inspections,,Trenton,Levy,,+1954-752-3335,http://florida-moldinspections.com/,5.0,71,"mold assessment,mold inspection",,,0,0,,,none,"mold assessment,mold inspection",2026-08-28 20:40:22
778,ChIJMxufb83V2IgR4ryL__XkSB0,Mold Inspection & Testing West Palm Beach,,Holt,Okaloosa,,+1561-910-0881,http://moldinspectionandtest.com/palm-beach-fl,4.8,66,"mold assessment,mold inspection",,,0,0,,,none,"mold assessment,mold inspection",2026-08-28 20:40:22
779,ChIJe7EXZtyPk4gRRDnqpj8duN8,911 Restoration Emerald Coast,,Destin,Okaloosa,,+1850-397-1513,https://www.911restorationpanamacity.com/?utm_source=google&utm_medium=organic&utm_campaign=gbp,4.9,28,"disaster restoration company,mold testing",,,1,0,,,none,"disaster restoration company,mold testing",2026-08-28 20:40:22
780,ChIJY3kd3SfNlGcRj2fLgv3wFH0,TSEC,,Hosford,Liberty,,+1850-566-4827,http://tsecfl.com/,5.0,12,mold assessment,,,0,0,,,none,mold assessment,2026-08-28 20:40:22
781,ChIJKXH4g_rf8mwRPUpo4ol2iXA,Sterling Mold Inspections,,Fort White,Columbia,,+1786-690-0329,https://sterlingmoldinspections.com/,5.0,30,"mold assessment,mold inspection",,,0,0,,,none,"mold assessment,mold inspection",2026-08-28 20:40:22
782,ChIJpXLqDGZXZ0sRpXV_Fg_MVeU,WIN Home Inspection,,Sneads,Jackson,,+1850-203-9602,https://wini.com/altha/?utm_source=GMB_listing&utm_medium=organic,5.0,35,"mold assessment,mold inspection",,,0,0,,,none,"mold assessment,mold inspection",2026-08-28 20:40:22
783,ChIJ9W2UQYhbL2ERSj-X_qdu3yk,The Salty Inspector,,Carrabelle,Franklin,,+1850-583-1717,https://www.saltyinspector.com/,5.0,52,"mold assessment,mold inspection,mold remediation,mold testing",,,0,0,,,none,"mold assessment,mold inspection,mold remediation,mold testing",2026-08-28 20:40:22
784,ChIJd4r_NbdFk4gRiNoRizeHItg,Precision Water Repair,"6766 FL-71, Blountstown, FL 32424",BLOUNTSTOWN,Calhoun,,+1850-643-8654,,,,water damage restoration,,,0,0,,,none,water damage restoration,2026-08-28 20:40:22
785,ChIJkw-h_4m37IgRx39kx4RpQfI,"Ken Rudd Electric, Inc.","20871 NE Chester St, Hosford, FL 32334",HOSFORD,Liberty,,+1850-545-1459,http://kenruddelectric.com/,5.0,40,restoration company,,,0,0,,,none,restoration company,2026-08-28 20:40:22
786,ChIJqcriQA4l-kkRt6aqg_JQILY,Emerald Coast Restoration Services,,Sneads,Jackson,,+1850-890-9469,,5.0,19,restoration company,,,1,0,,,none,restoration company,2026-08-28 20:40:22
787,ChIJJxQiHX6NGQ4RP3rxBXSLvVk,Coastal Homes & Restoration Services,,Southport,Bay,,+1850-896-9989,https://www.coastalhomesandrestoration.com/,5.0,22,restoration company,,,1,0,,,none,restoration company,2026-08-28 20:40:22
788,ChIJ650Jji7rPGYRcNAzANhh5wE,AW Watson & Co. Renovations and Restoration,,Hosford,Liberty,,,http://awatsonrestore.com/,3.0,1,restoration company,,,1,0,,,none,restoration company,2026-08-28 20:40:22
789,ChIJjwBWCigcUyUR7C4qDwT28Ls,Florida Water and Fire,,Holt,Okaloosa,,+1904-206-7895,,5.0,345,fire and water damage restoration,,,0,0,,,none,fire and water damage restoration,2026-08-28 20:40:22
790,ChIJfa1W13m37IgRzPwOf70S5to,Southern Home Goods LLC,"20970 Burington Road, Hosford, FL 32334",HOSFORD,Liberty,,+1850-508-3079,http://southernhomegoodsllc.com/,4.8,51,disaster restoration company,,,0,0,,,none,disaster restoration company,2026-08-28 20:40:23
791,ChIJwcPTyYJ9oQIRyVXbqb49kKM,Complete Home Care of North Fl,"408 Dupont Ave, Quincy, FL 32351",QUINCY,Gadsden,,+1850-570-5585,https://chcnorthflorida.com/,5.0,12,disaster restoration company,,,0,0,,,none,disaster restoration company,2026-08-28 20:40:23
792,ChIJuwJbW5y37IgRhc9MNBSp9bc,Crudds Septic,"22193 NE Chester St, Hosford, FL 32334",HOSFORD,Liberty,,+1850-391-5805,https://cruddsseptic.com/,5.0,33,disaster restoration company,,,0,0,,,none,disaster restoration company,2026-08-28 20:40:23
793,ChIJd773paq3lIgRwrwKieyf4XY,Forgotten Coast Solutions LLC,,Carrabelle,Franklin,,+1850-408-5914,https://www.facebook.com/forgottencoastsolutions,5.0,6,"mold remediation,restoration company",,,0,0,,,none,"mold remediation,restoration company",2026-08-28 20:40:24
794,ChIJ-3ZdArZY-ksRnckm-c6AbLM,Carrabelle Foundation Repair,,Carrabelle,Franklin,,+1850-403-2520,https://carrabellefoundationrepair.com/,5.0,2,"disaster restoration company,fire and water damage restoration,mold assessment,mold inspection,mold remediation,restoration company",,,1,0,,,none,"disaster restoration company,fire and water damage restoration,mold assessment,mold inspection,mold remediation,restoration company",2026-08-28 20:40:24
795,ChIJ1TOQC_1l54gRrcZFljPIAkw,House Doctor Pomales,,Carrabelle,Franklin,,+1407-922-0897,https://housedoctorpomales.com/,5.0,12,mold assessment,,,0,0,,,none,mold assessment,2026-08-28 20:40:24
796,ChIJxX46Vw2WlIgRrDJEpzxWAnM,Chapman Home Inspection,"907 Garrison Ave, Port St Joe, FL 32456",PORT ST JOE,Gulf,,+1850-276-7520,https://www.chapmanhomeinspection.com/,4.9,54,mold inspection,,,0,0,,,none,mold inspection,2026-08-28 20:40:24
797,ChIJMz4QwnSEeGERAV7el5E1cL4,Pillar Perfect Construction & Roofing,,Carrabelle,Franklin,,+1850-567-0707,http://stgeorgeislandcontractor.com/,4.6,10,restoration company,,,0,0,,,none,restoration company,2026-08-28 20:40:24
798,ChIJy4tEf3nzyycRFS6qOimX4b8,Raven Environmental Restoration Services,,Youngstown,Bay,,+1850-512-1109,http://www.ravenenviro.com/,5.0,24,"mold assessment,mold remediation,mold testing",,,1,0,,,none,"mold assessment,mold remediation,mold testing",2026-08-28 20:40:24
799,ChIJVyEUrKlE64gRwpUOQZKj_TI,Southern Towing,"387 Mill Rd, Carrabelle, FL 32322",CARRABELLE,Franklin,,+1850-544-5858,http://southerntow.wixsite.com/website,4.6,94,disaster restoration company,,,0,0,,,none,disaster restoration company,2026-08-28 20:40:24
800,ChIJq1WuJhZn64gRxzEwbFyfZjw,Larsen's Heating and Air,"225 Putnal St, Carrabelle, FL 32322",CARRABELLE,Franklin,,+1850-370-0471,https://larsenshvac.com/,5.0,204,disaster restoration company,,,1,0,,,none,disaster restoration company,2026-08-28 20:40:24
801,ChIJSzLL5CcKUCkR9w3MTkniTuk,Hampton Restoration Group of Florida,"17703 Ashley Dr Unit A3, Panama City Beach, FL 32413",PANAMA CITY BEACH,Bay,,+1850-866-4983,https://www.hrgflorida.com/,5.0,42,"mold assessment,mold inspection,mold remediation,mold testing,restoration company",,,1,0,,,none,"mold assessment,mold inspection,mold remediation,mold testing,restoration company",2026-08-28 20:40:24
802,ChIJe0aWZgmEk4gRQiCPrvZ6KMg,SERVPRO of Bay County,"1403 Florida Ave, Panama City, FL 32401",PANAMA CITY,Bay,,+1850-900-3407,https://www.servpro.com/locations/fl/servpro-of-bay-county?utm_medium=organic&utm_source=gbp,4.6,332,"fire and water damage restoration,mold assessment,mold inspection,mold remediation,mold testing,water damage restoration",,,1,0,,,none,"fire and water damage restoration,mold assessment,mold inspection,mold remediation,mold testing,water damage restoration",2026-08-28 20:40:24
803,ChIJB86vV6GNk4gRWaA95Ds87J4,Paul Davis Restoration of the Emerald Coast,"104 Amar Pl, Panama City Beach, FL 32413",PANAMA CITY BEACH,Bay,,+1850-909-3011,https://emerald-coast.pauldavis.com/,4.8,185,"fire and water damage restoration,mold assessment,mold inspection,mold remediation,mold testing,restoration company,water damage restoration",,,1,0,,,none,"fire and water damage restoration,mold assessment,mold inspection,mold remediation,mold testing,restoration company,water damage restoration",2026-08-28 20:40:24
804,ChIJxVZozh-Fk4gRQLuZ9dJE02s,Flood Pros USA,"2110 W 23rd St Suite A, Panama City, FL 32405",PANAMA CITY,Bay,,+1850-740-0599,http://floodprosusa.com/,4.0,4,"mold inspection,mold remediation",,,0,0,,,none,"mold inspection,mold remediation",2026-08-28 20:40:24
805,ChIJvf9pAhyJk4gRjQNLRo99mMQ,WATCHMEN StormGuard Water Restoration,"2103 Avensong Ln, Panama City, FL 32408",PANAMA CITY,Bay,,+1866-228-6994,https://californiawaterdamage.online/,5.0,2,mold remediation,,,1,0,,,none,mold remediation,2026-08-28 20:40:24
806,ChIJH-c7hU7hk4gREaRJHyMWmtI,Honest Restoration,,Destin,Okaloosa,,+1850-686-6675,http://honestrestorationcompany.com/,5.0,15,"fire and water damage restoration,mold assessment,mold inspection,mold remediation,restoration company,water damage restoration",,,1,0,,,none,"fire and water damage restoration,mold assessment,mold inspection,mold remediation,restoration company,water damage restoration",2026-08-28 20:40:24
807,ChIJOTxTLaCDk4gRfjoc2lKtvT0,Coastal Emergency Restoration Services Lynn Haven,"2919 FL-77, Lynn Haven, FL 32444",LYNN HAVEN,Bay,,+1850-215-6475,https://www.coastalert.net/?utm_source=local&utm_medium=gmb&utm_campaign=clicks,4.2,28,"mold remediation,restoration company",,,1,0,,,none,"mold remediation,restoration company",2026-08-28 20:40:24
808,ChIJzXRc9s9_k4gRBPbPaN3xUvE,Red Carpet Flood Restoration LLC,"1319 N Tyndall Pkwy, Panama City, FL 32404",PANAMA CITY,Bay,,+1850-830-9124,https://877rcfloodpc.com/,4.9,35,"mold assessment,mold inspection,mold remediation,mold testing",,,1,0,,,none,"mold assessment,mold inspection,mold remediation,mold testing",2026-08-28 20:40:24
809,ChIJucySVXOHk4gRtL-eHRrVezU,Service Restoration Pros,"1404 Lincoln Ave #1, Panama City, FL 32401",PANAMA CITY,Bay,,+1850-818-0085,https://servicerestorationpros.com/,5.0,28,"mold remediation,restoration company",,,1,0,,,none,"mold remediation,restoration company",2026-08-28 20:40:24
810,ChIJdQh_ybGxHC0RFpKWD7ho7Kc,A+ Restoration & Cleaning of Panama City,,Sneads,Jackson,,+1850-695-4166,https://aplusrestorationandcleaning.com/panama-city-fl/,5.0,41,mold remediation,,,1,0,,,none,mold remediation,2026-08-28 20:40:24
811,ChIJz22JPxT_DmgRaMkk-3SmWOo,Elite Property Inspectors,"103 Palm Bay Blvd, Panama City Beach, FL 32408",PANAMA CITY BEACH,Bay,,+1850-338-7425,https://elitepillc.com/,5.0,110,"mold assessment,mold testing",,,0,1,MRSA5318,"DE DONATO, LUISA",high,"mold assessment,mold testing",2026-08-28 20:40:24
812,ChIJZeAHxDSZl0QRPULBrn9mv6A,Quality Mold Solutions,,Williston,Levy,,+1407-726-4257,https://www.qualitymoldsolutions.org/,5.0,325,mold assessment,,,0,0,,,none,mold assessment,2026-08-28 20:40:24
813,ChIJ7d86C9vCPEsRfX6cjL0nEcQ,"Elemental Solutions, LLC",,Starke,Bradford,,+1813-601-2011,https://gcfla.com/,5.0,19,mold assessment,,,0,0,,,none,mold assessment,2026-08-28 20:40:24
814,ChIJ1fIG9YdHJAQRycqntQ7oSD0,Altum Inspection Services LLC,"1820 Mallard Dr, Panama City, FL 32404",PANAMA CITY,Bay,,+1850-270-8796,https://www.altuminspectionservices.com/,5.0,1,"mold assessment,mold inspection,mold testing",,,0,1,MRSA4875,"STANKO, DAVID",high,"mold assessment,mold inspection,mold testing",2026-08-28 20:40:24
815,ChIJIeOvPuEX54gREAULoAAetmU,Florida Mold Services,,Cedar Key,Levy,,+1407-562-6002,https://www.moldtestingfl.com/?utm_source=omg-gbp&utm_medium=webclick,5.0,32,"mold assessment,mold inspection",,,0,0,,,none,"mold assessment,mold inspection",2026-08-28 20:40:24
816,ChIJn3qTlpSDk4gRF1oStwTyE28,Green Air Technology Inc.,,Youngstown,Bay,,+1850-258-0714,http://greenairtesting.com/,5.0,112,mold assessment,,,0,0,,,none,mold assessment,2026-08-28 20:40:24
817,ChIJmRBng9GDk4gR0uePFyQLQTE,"AAA Advanced Air & Mold Solutions, Inc","2437 McGraw Ln, Panama City, FL 32405",PANAMA CITY,Bay,,+1850-276-3135,http://www.safehome4u.com/,,,"mold remediation,mold testing",,,0,0,,,none,"mold remediation,mold testing",2026-08-28 20:40:24
818,ChIJ963n6FWNk4gR_2a5JeGZG6Y,"Environmental Testing Services, Inc.","19155 Panama City Beach Pkwy, Panama City Beach, FL 32413",PANAMA CITY BEACH,Bay,,+1850-481-5777,,2.6,5,"mold assessment,mold inspection,mold testing",,,0,1,MRSA4536,"MCCLAM, WILBUR CHARLES",high,"mold assessment,mold inspection,mold testing",2026-08-28 20:40:24
819,ChIJq5QH_mSHk4gRmelG8aFPb7U,ZachW Mold Inspection,"900 Thomas Dr, Panama City, FL 32408",PANAMA CITY,Bay,,+1850-204-6270,,,,mold testing,,,0,0,,,none,mold testing,2026-08-28 20:40:24
820,ChIJ5Rgjy3MBk4gRhs1mUd_6OEs,Finch Fire N Water,"871 Falling Waters Rd, Chipley, FL 32428",CHIPLEY,Washington,,+1850-415-1109,http://www.finchfirewater.com/,3.2,22,"disaster restoration company,fire and water damage restoration,mold remediation,mold testing,water damage restoration",,,0,0,,,none,"disaster restoration company,fire and water damage restoration,mold remediation,mold testing,water damage restoration",2026-08-28 20:40:24
821,ChIJLXwUnZXtrqwRlwV6vBzLdHI,Southern Restoration Company,,Sneads,Jackson,,+1850-200-4900,https://southernrestorationusa.com/,5.0,3,restoration company,,,1,0,,,none,restoration company,2026-08-28 20:40:24
822,ChIJ_xGr5tSIk4gRQa3UK6aLKE8,Expert Restoration Services by Southern Restoration Company,"10250 Hutchison Blvd, Panama City Beach, FL 32408",PANAMA CITY BEACH,Bay,,+1850-200-4900,https://southernrestorationusa.com/?utm_source=gmb&utm_medium=organic&utm_campaign=maps,,,restoration company,,,1,0,,,none,restoration company,2026-08-28 20:40:24
823,ChIJIZkU-aGFk4gRvprmGj_KGn4,Classic Restoration,"414 Thomas Dr, Panama City, FL 32408",PANAMA CITY,Bay,,+1850-258-3699,http://www.waterfiremoldrestorationpc.com/,5.0,7,restoration company,,,1,0,,,none,restoration company,2026-08-28 20:40:24
824,ChIJhQGFF5uFk4gRMIo_o0HYjgU,Orme and Sons Construction & Restoration Inc.,"1818 Frankford Ave, Panama City, FL 32405",PANAMA CITY,Bay,,+1850-872-1118,,5.0,15,restoration company,,,1,0,,,none,restoration company,2026-08-28 20:40:24
825,ChIJjadmZG_zk4gR5GUhUmQwKOQ,"Maverick Restoration, LLC","115 Carillon Market St Ste 210, Panama City Beach, FL 32413",PANAMA CITY BEACH,Bay,,+1239-222-9634,,3.3,6,restoration company,,,1,0,,,none,restoration company,2026-08-28 20:40:24
826,ChIJv-Te-p6kcSMRKZMrWvRQ_14,"SERVPRO of Crestview, DeFuniak Springs, Chipley",,Holt,Okaloosa,,+1850-792-1479,https://www.servpro.com/locations/fl/servpro-of-crestview-de-funiak-springs-chipley?utm_medium=organic&utm_source=gbp,4.9,30,"disaster restoration company,fire and water damage restoration,mold assessment,mold inspection,mold remediation,mold testing,restoration company,water damage restoration",,,1,0,,,none,"disaster restoration company,fire and water damage restoration,mold assessment,mold inspection,mold remediation,mold testing,restoration company,water damage restoration",2026-08-28 20:40:24
827,ChIJ6fFNICpZkYgRirrhPRVWyk8,"SERVPRO of Destin, Seaside, Freeport",,Holt,Okaloosa,,+1850-792-1497,https://www.servpro.com/locations/fl/servpro-of-destin-seaside-freeport?utm_medium=organic&utm_source=gbp,4.9,42,fire and water damage restoration,,,1,0,,,none,fire and water damage restoration,2026-08-28 20:40:25
828,ChIJVVXlZwmEk4gRMWzrjnWIoeY,Coalition Of Disaster Responders,"1816 W 27th St, Panama City, FL 32405",PANAMA CITY,Bay,,+1866-303-3461,https://www.cdr247.com/about/our-mission/,5.0,2,disaster restoration company,,,0,1,MRSA2983,"METTILLE, JON MICHAEL",high,disaster restoration company,2026-08-28 20:40:25
829,ChIJw48j9ESPk4gRNCdhzFF859U,Cotton Global Disaster Solutions - Commercial Restoration & Construction Panama City Beach,"11935 Panama City Beach Pkwy, Panama City Beach, FL 32407",PANAMA CITY BEACH,Bay,,+1877-900-0493,https://cottongds.com/locations/panama-city-beach-fl,,,"disaster restoration company,fire and water damage restoration,mold remediation,water damage restoration",,,1,0,,,none,"disaster restoration company,fire and water damage restoration,mold remediation,water damage restoration",2026-08-28 20:40:25
830,ChIJtf1zv-2Fk4gRtwmvch40G4A,Truvorne,"4517 W 23rd St Ste A, Panama City, FL 32405",PANAMA CITY,Bay,,+1850-850-7365,https://truvorne.com/?utm_source=gbp&utm_medium=organic&utm_campaign=panama_city,4.7,13,mold remediation,,,0,0,,,none,mold remediation,2026-08-28 20:40:25
831,ChIJMzg3JMhxXGARucxPje0ini4,FL Appliance Solutions LLC,"206 J Harvey Etheridge St, Bonifay, FL 32425",BONIFAY,Holmes,,+1850-676-0435,,4.8,84,"disaster restoration company,fire and water damage restoration,mold remediation,restoration company,water damage restoration",,,0,0,,,none,"disaster restoration company,fire and water damage restoration,mold remediation,restoration company,water damage restoration",2026-08-28 20:40:25
832,ChIJM83mRQblk4gRfGLP19p7B4Y,Barakat Restoration,"122-1 Bishop-Tolbert Rd, Santa Rosa Beach, FL 32459",SANTA ROSA BEACH,Walton,,+1850-865-7628,https://barakatrestoration.com/,4.9,41,"fire and water damage restoration,water damage restoration",,,1,0,,,none,"fire and water damage restoration,water damage restoration",2026-08-28 20:40:25
833,ChIJJaBfG5z5kogRsnCiJRAgU2g,CBE Inspections,"1123 Pine Bluff Dr, Chipley, FL 32428",CHIPLEY,Washington,,+1850-326-5217,,4.9,231,"mold assessment,mold inspection,mold remediation,mold testing",,,0,0,,,none,"mold assessment,mold inspection,mold remediation,mold testing",2026-08-28 20:40:25
834,ChIJEagE0szjk4gRBnIzyTZju70,Waterfalls Worldwide Mold Remediation LLC,"133 Breezeway Blvd, Santa Rosa Beach, FL 32459",SANTA ROSA BEACH,Walton,,+1850-608-8164,,5.0,9,water damage restoration,,,1,0,,,none,water damage restoration,2026-08-28 20:40:25
835,ChIJlwY8Vhvnk4gRo21_-fGW6pQ,Veritas,"233 Ramsey Br Rd, Freeport, FL 32439",FREEPORT,Walton,,+1850-835-5677,https://veritasrestoration.com/,4.3,11,mold testing,,,0,0,,,none,mold testing,2026-08-28 20:40:25
836,ChIJrWF_IS3ik4gRsQGuN7b-zko,Dri Pro Restoration,"308 Lynn Dr, Santa Rosa Beach, FL 32459",SANTA ROSA BEACH,Walton,,+1850-581-9262,https://driprorestoration.com/,4.8,49,"fire and water damage restoration,water damage restoration",,,1,1,MRSR5697,"THOMPSON, JEFFREY LEE",high,"fire and water damage restoration,water damage restoration",2026-08-28 20:40:25
837,ChIJqRCjEOOk2YgRrY21u4okmXU,Mold Inspection & Testing Miami FL,,Holt,Okaloosa,,+1305-999-5131,http://www.moldinspectionandtest.com/miami-fl/,5.0,109,"mold assessment,mold inspection",,,0,0,,,none,"mold assessment,mold inspection",2026-08-28 20:40:26
838,ChIJtVjiwy9o54gRtGLuYN4_Ncs,Mold Inspection & Testing Orlando,,Holt,Okaloosa,,+1321-236-0087,http://moldinspectionandtest.com/orlando-fl/,4.9,65,"mold assessment,mold inspection",,,0,0,,,none,"mold assessment,mold inspection",2026-08-28 20:40:26
839,ChIJlaghCDP-QWIRVcpqgAzYH88,"Home Run Inspections, LLC Florida","16400 US Hwy 331S Suite B2 #292, Freeport, FL 32439",FREEPORT,Walton,,+1405-905-9175,http://www.homeruninspections.com/,4.9,34,mold inspection,,,0,0,,,none,mold inspection,2026-08-28 20:40:26
840,ChIJx8Pr2BACk4gRrrdYKGW1fNo,Odom Septic Tank Service,"3014 Leavins Rd, Bonifay, FL 32425",BONIFAY,Holmes,,+1850-638-0142,,4.3,55,mold inspection,,,0,0,,,none,mold inspection,2026-08-28 20:40:26
841,ChIJD_W87n2sk4gRDfaG6pXFINo,Affordable Tech Services,,Bonifay,Holmes,,+1850-326-4416,http://www.affordabletechservices.com/,2.1,34,mold inspection,,,0,0,,,none,mold inspection,2026-08-28 20:40:26
842,ChIJifaL2qdymygRDU-xr1rYMBw,Frontline Home Inspections LLC,,Bonifay,Holmes,,+1850-320-8232,https://frontlinehomeinspector.com/,5.0,11,mold inspection,,,0,0,,,none,mold inspection,2026-08-28 20:40:26
843,ChIJeVtSUV6rk4gRAhAjAKHMwDo,Holley Development Corporation,"406 S Waukesha St, Bonifay, FL 32425",BONIFAY,Holmes,,+1850-768-4477,https://hdcorp.us/,4.0,22,"mold inspection,restoration company",,,1,0,,,none,"mold inspection,restoration company",2026-08-28 20:40:26
844,ChIJFx_7PnuTkogRdEGmM52E6gU,Cowboy Town Mold Inspection Co,,Sneads,Jackson,,+1754-227-8779,http://moldinspectdavie.com/,3.0,2,mold testing,,,0,0,,,none,mold testing,2026-08-28 20:40:26
845,ChIJ6fjko4yNk4gRiWN0BUGhxNk,"Sowell Construction, Inc.","3017 Co Rd 160, Bonifay, FL 32425",BONIFAY,Holmes,,+1850-774-0009,https://www.sowellconstructioninc.com/home,4.8,28,"disaster restoration company,fire and water damage restoration,restoration company,water damage restoration",,,0,0,,,none,"disaster restoration company,fire and water damage restoration,restoration company,water damage restoration",2026-08-28 20:40:26
846,ChIJzaif7qdTkogRIH7Lk19jYic,Armondi Roofing,"2927 Beall Packing Rd, Bonifay, FL 32425",BONIFAY,Holmes,,+1850-547-2934,https://www.armondiroofing.com/,4.2,12,restoration company,,,0,0,,,none,restoration company,2026-08-28 20:40:26
847,ChIJCcsPr4Crk4gRC90lp4TZhL4,Eastern Diesel & Auto Wrecker Service Inc,"2005 S Waukesha St, Bonifay, FL 32425",BONIFAY,Holmes,,+1850-547-5545,https://easterndieselautowreckerservice.com/?utm_source=omg-gbp&utm_medium=webclick,4.5,174,"disaster restoration company,restoration company",,,0,0,,,none,"disaster restoration company,restoration company",2026-08-28 20:40:26
848,ChIJ1wl1Q4Grk4gROwQ7IAqXwDI,Bob Davis Pest Control Inc,"1440 Clifford St #4214, Bonifay, FL 32425",BONIFAY,Holmes,,+1850-547-5327,,4.5,11,restoration company,,,0,0,,,none,restoration company,2026-08-28 20:40:26
849,ChIJUYAl2yEhk4gRcBpZghO44-A,Restoration Commercial Roofing Services LLC,"2843 Jefferson St, Marianna, FL 32448",MARIANNA,Jackson,,+1888-707-1916,https://restorationcommercialroofing.com/,5.0,3,disaster restoration company,,,1,0,,,none,disaster restoration company,2026-08-28 20:40:26
850,ChIJaSoFTIuDk4gR9No3CGCtggs,"National Emergency Restoration Services, LLC",,Bonifay,Holmes,,,,5.0,1,disaster restoration company,,,1,0,,,none,disaster restoration company,2026-08-28 20:40:26
851,ChIJucs6wg2rk4gRVeQ4LK-y5vE,C and C Construction of Northwest Florida LLC,"690 US-90, Bonifay, FL 32425",BONIFAY,Holmes,,+1850-547-1001,https://www.candcroofingandconstruction.com/,4.1,20,disaster restoration company,,,0,0,,,none,disaster restoration company,2026-08-28 20:40:26
852,ChIJufVBiY2mk4gR_YcNgI89IsU,Water Dan Pump Services,"2814 Roche Rd, Chipley, FL 32428",CHIPLEY,Washington,,+1850-535-9308,,5.0,53,disaster restoration company,,,0,0,,,none,disaster restoration company,2026-08-28 20:40:26
853,ChIJC1-tolZ0WG8R9kK5gAxQHvM,Mold Masters,"99 King St Ste 3561, St. Augustine, FL 32084",ST. AUGUSTINE,St. Johns,,+1904-397-4030,https://www.mymoldmasters.com/,5.0,37,mold testing,,,0,0,,,none,mold testing,2026-08-28 20:40:26
854,ChIJM3cpTSuU5ogR0q10w65OjcQ,"Stanford Restoration, Inc","50 S Dixie Hwy #5, St. Augustine, FL 32084",ST. AUGUSTINE,St. Johns,,+1904-808-8556,https://www.stanfordrestoration.com/,4.8,110,"mold remediation,mold testing,restoration company",,,1,1,MRSA2794,"STANFORD, DARCY ANN",high,"mold remediation,mold testing,restoration company",2026-08-28 20:40:26
855,ChIJuWOCCFSd5ogR-otFfFMwTPo,"SERVPRO of St. Augustine, St. Augustine Beach, S. Nocatee and World Golf Village","2205 Dobbs Rd A, St. Augustine, FL 32086",ST. AUGUSTINE,St. Johns,,+1904-701-2109,https://www.servpro.com/locations/fl/servpro-of-st-augustine-st-augustine-beach-s-nocatee-and-world-golf-village?utm_medium=organic&utm_source=gbp,4.6,201,"disaster restoration company,fire and water damage restoration,mold assessment,mold inspection,mold remediation,mold testing",,,1,0,,,none,"disaster restoration company,fire and water damage restoration,mold assessment,mold inspection,mold remediation,mold testing",2026-08-28 20:40:26
856,ChIJ-9KttqMn5IgRTlHr_7RmQbQ,St. Augustine Mold Removal & Remediation Pros,"2601 N Ponce De Leon Blvd #101, St. Augustine, FL 32084",ST. AUGUSTINE,St. Johns,,+1904-467-4275,,5.0,5,"mold assessment,mold remediation,mold testing",,,1,0,,,none,"mold assessment,mold remediation,mold testing",2026-08-28 20:40:26
857,ChIJM_wGBIgn5IgR11cd2Ot-rjQ,TCB Enviro Corp,"3501 N Ponce De Leon Blvd, St. Augustine, FL 32084",ST. AUGUSTINE,St. Johns,,+1904-859-6220,https://tcbenviro.com/?utm_source=google&utm_medium=organic&utm_campaign=google_my_business,4.6,72,mold testing,,,0,0,,,none,mold testing,2026-08-28 20:40:26
858,ChIJx7OWxPku5IgRjyqkOzus-VM,PuroClean Emergency Restoration Services,"155 International Golf Pkwy, St. Augustine, FL 32095",ST. AUGUSTINE,St. Johns,,+1904-495-0950,https://www.puroclean.com/st-augustine-fl-puroclean-emergency-restoration-services,4.8,242,restoration company,,,1,0,,,none,restoration company,2026-08-28 20:40:26
859,ChIJaZlG-QAv5IgRNZuA_3PGRNY,ServiceMaster Restoration by Professional Services St. Augustine,"50 Ellis St Ste 205, St. Augustine, FL 32095",ST. AUGUSTINE,St. Johns,,+1904-481-8517,https://servicemasterrestore.com/svm-restoration-by-legacy-7,5.0,12,"disaster restoration company,fire and water damage restoration,mold assessment,mold remediation,mold testing,restoration company,water damage restoration",,,1,0,,,none,"disaster restoration company,fire and water damage restoration,mold assessment,mold remediation,mold testing,restoration company,water damage restoration",2026-08-28 20:40:26
860,ChIJT5ZrhLcp5IgRBvOEelbBLos,Plan It Restoration,"120 Commercial Dr Unit F, St. Augustine, FL 32092",ST. AUGUSTINE,St. Johns,,+1904-822-3915,https://www.planitrestoration.com/,4.7,12,fire and water damage restoration,,,1,0,,,none,fire and water damage restoration,2026-08-28 20:40:26
861,ChIJEVXnA06d5ogRJLelgmkrWmU,Paul Davis Restoration of St Augustine,"2050 Dobbs Rd, St. Augustine, FL 32086",ST. AUGUSTINE,St. Johns,,+1904-824-1468,https://augustine.pauldavis.com/,4.7,24,mold remediation,,,1,0,,,none,mold remediation,2026-08-28 20:40:26
862,ChIJR6Mq8gSd5ogRrxKjMfmOxZw,OneRestore St Augustine,"1731 Dobbs Rd #9, St. Augustine, FL 32084",ST. AUGUSTINE,St. Johns,,+1904-750-3404,https://www.onerestore.com/st-augustine/,5.0,5,"disaster restoration company,mold remediation",,,0,0,,,none,"disaster restoration company,mold remediation",2026-08-28 20:40:26
863,ChIJh7emDr4XaGERx9UeJTmJoN8,"Green Check Consulting, LLC","400 Heather Park Ln, St. Augustine, FL 32095",ST. AUGUSTINE,St. Johns,,+1904-377-4287,https://www.checkfl.com/,4.7,14,"mold assessment,mold inspection,mold testing",,,0,0,,,none,"mold assessment,mold inspection,mold testing",2026-08-28 20:40:26
864,ChIJQ7OqfuyX5ogRbemB6KG9bM4,Restoration 1 of St. Augustine,,St. Johns,St. Johns,,+1904-584-3856,https://restoration1.com/st-augustine?utm_source=GBP&utm_medium=Google,5.0,86,disaster restoration company,,,1,0,,,none,disaster restoration company,2026-08-28 20:40:26
865,ChIJF298PwCd5ogRiYxsqlG5X_Y,St. Augustine Mold Removal Deals,"100 Southpark Blvd #109, St. Augustine, FL 32086",ST. AUGUSTINE,St. Johns,,+1239-518-7478,,5.0,5,"disaster restoration company,mold assessment,mold remediation,mold testing",,,0,0,,,none,"disaster restoration company,mold assessment,mold remediation,mold testing",2026-08-28 20:40:26
866,ChIJJ812diSd5ogRVIYOQDjHw78,Coastal Mold Testing LLC,,Fleming Island,Clay,,+1386-227-6142,https://www.coastalmoldtesting.com/,5.0,21,mold assessment,,,0,0,,,none,mold assessment,2026-08-28 20:40:26
867,ChIJo85W2BKd5ogRH4L12JfUw6Y,SERVPRO of South Fleming Island/North Bradford County,,Green Cove Springs,Clay,,+1904-878-9038,https://www.servpro.com/locations/fl/servpro-of-south-fleming-island-north-bradford-county?utm_medium=organic&utm_source=gbp,5.0,19,fire and water damage restoration,,,1,0,,,none,fire and water damage restoration,2026-08-28 20:40:26
868,ChIJubH2_Vad5ogRdpmNY2EKNI4,ZND-AP Attic-Solution & Insulation's & Dryer Vent Cleaning Service FL,"1715 Lakeside Ave #7, St. Augustine, FL 32084",ST. AUGUSTINE,St. Johns,,+1904-227-5122,,5.0,5,mold remediation,,,1,0,,,none,mold remediation,2026-08-28 20:40:26
869,ChIJlURHCHSNHAwRtT1dtcSmGrs,1-800 Water Damage of Jacksonville East and St. Augustine,"6656 Columbia Park Dr Ste 5, Jacksonville, FL 32258",JACKSONVILLE,Duval,,+1904-906-9112,https://www.1800waterdamage.com/jacksonville-florida/,4.9,28,water damage restoration,,,0,0,,,none,water damage restoration,2026-08-28 20:40:26
870,ChIJUzWO2IFTQwARpi197cS5v8U,All Cure Services,,Saint Augustine,St. Johns,,+1904-599-7568,https://allcureservices.com/,5.0,57,"disaster restoration company,fire and water damage restoration,mold remediation,restoration company,water damage restoration",,,0,0,,,none,"disaster restoration company,fire and water damage restoration,mold remediation,restoration company,water damage restoration",2026-08-28 20:40:26
871,ChIJwwaPD2xJ5IgRPO2le2KTEWA,Pure Maintenance Mold Remediation - Jacksonville Beach,"1514 Roberts Dr Ste 2, Jacksonville Beach, FL 32250",JACKSONVILLE BEACH,Duval,,+1904-373-1611,https://www.removemoldjacksonvillebeach.com/?utm_source=gmb&utm_medium=organic&utm_campaign=local,5.0,305,"mold assessment,mold inspection,mold remediation,mold testing,water damage restoration",,,1,0,,,none,"mold assessment,mold inspection,mold remediation,mold testing,water damage restoration",2026-08-28 20:40:26
872,ChIJkY7cWVmd5ogRBDb2uRhfpBo,Sunspections,"135 Jenkins St, St. Augustine, FL 32086",ST. AUGUSTINE,St. Johns,,+1904-495-5048,https://www.sunspections.com/,4.4,34,"mold inspection,mold testing",,,0,0,,,none,"mold inspection,mold testing",2026-08-28 20:40:26
873,ChIJOej0l58n5IgRcjFEjfw_g4c,Nu Element Home Inspection & Consulting,"27 Magnolia Dr, St. Augustine, FL 32080",ST. AUGUSTINE,St. Johns,,+1904-310-4006,http://www.nuelementhomeinspection.com/,5.0,152,"mold assessment,mold inspection,mold testing",,,0,0,,,none,"mold assessment,mold inspection,mold testing",2026-08-28 20:40:27
874,ChIJ7by284rP5YgR1lwmi49wryU,JRG Mold Inspection and Testing,"1139 Popolee Rd #200, Jacksonville, FL 32259",JACKSONVILLE,Duval,,+1904-514-4525,https://jrgmoldinspection.com/,5.0,42,"mold assessment,mold inspection,mold testing",,,0,0,,,none,"mold assessment,mold inspection,mold testing",2026-08-28 20:40:27
875,ChIJaX9dCcJx54gRika2HlQm1AI,KC Inspections Inc,"219 Deerfield Glen Dr, St. Augustine, FL 32086",ST. AUGUSTINE,St. Johns,,+1904-404-9092,https://www.904inspection.com/,5.0,533,"mold assessment,mold inspection,mold testing",,,0,0,,,none,"mold assessment,mold inspection,mold testing",2026-08-28 20:40:27
876,ChIJX6mbLL6d5ogRQMi33Ysrxq4,Coastal Mold Inspectors LLC,"21 Sunfish Dr, St. Augustine, FL 32080",ST. AUGUSTINE,St. Johns,,+1863-430-5528,https://www.cmillcfl.com/blank-2,,,"mold assessment,mold inspection",,,0,0,,,none,"mold assessment,mold inspection",2026-08-28 20:40:27
877,ChIJb_coZa8pREcRqIcuw5WfBSk,Flagler Mold Testing and Inspection,,Keystone Heights,Clay,,+1386-623-1596,https://flaglermoldtesting.com/,5.0,23,"mold assessment,mold inspection",,,0,0,,,none,"mold assessment,mold inspection",2026-08-28 20:40:27
878,ChIJLTPJTzyd5ogRP1jcg0O4wws,High Tide Inspections,"234 Nesmith Ave, St. Augustine, FL 32084",ST. AUGUSTINE,St. Johns,,+1904-806-7679,https://hightideinspections.com/,5.0,70,"mold inspection,mold testing",,,0,0,,,none,"mold inspection,mold testing",2026-08-28 20:40:27
879,ChIJOYIup-Mv2YgROSMHCb9I4cc,South Country Home Inspections,"1612 Stonewood Ct, St. Augustine, FL 32092",ST. AUGUSTINE,St. Johns,,+1386-283-6548,https://home-inspection-palm-coast-fl.com/,5.0,246,"mold inspection,mold testing",,,0,0,,,none,"mold inspection,mold testing",2026-08-28 20:40:27
880,ChIJL0VnIbQp5IgRAmLEe5rqxNc,Viking Home Inspections,"1000 Arbor Trails Ct, St. Augustine, FL 32084",ST. AUGUSTINE,St. Johns,,+1904-699-4999,https://www.vikinginspections904.com/,5.0,245,mold inspection,,,0,0,,,none,mold inspection,2026-08-28 20:40:27
881,ChIJZVGLT0Sp5m4R_xAIwmWMfRI,HIS Home Inspection Services LLC,"Beacon Lake Pkwy, St. Augustine, FL 32095",ST. AUGUSTINE,St. Johns,,+1904-522-2013,http://hishome904.com/,5.0,169,mold inspection,,,0,0,,,none,mold inspection,2026-08-28 20:40:27
882,ChIJFSYhBFed5ogRObntPTQv_nM,Florida Certified Contractors LLC,"1785 Lakeside Ave, St. Augustine, FL 32084",ST. AUGUSTINE,St. Johns,,+1904-824-2301,https://floridacontractors.com/,4.7,120,"disaster restoration company,restoration company,water damage restoration",,,0,0,,,none,"disaster restoration company,restoration company,water damage restoration",2026-08-28 20:40:27
883,ChIJnx1ucvsv5IgR5mj6wnJuSys,TBR St. Johns,"1510 N Ponce De Leon Blvd, St. Augustine, FL 32084",ST. AUGUSTINE,St. Johns,,+1904-675-1305,https://www.tbrstjohns.com/,4.9,27,"fire and water damage restoration,restoration company,water damage restoration",,,0,0,,,none,"fire and water damage restoration,restoration company,water damage restoration",2026-08-28 20:40:27
884,ChIJRe-gE_R01GQRiEsXEsE33uI,SOUTHEAST DRY RIGHT,"251 San Marco Ave, St. Augustine, FL 32084",ST. AUGUSTINE,St. Johns,,+1904-209-9311,http://southeastdryright.com/,,,"fire and water damage restoration,water damage restoration",,,0,0,,,none,"fire and water damage restoration,water damage restoration",2026-08-28 20:40:27
885,ChIJdWP251nL5YgRgCD6DhVbSZM,United Water Restoration Group of Jacksonville,"9556 Historic Kings Rd S Ste 404, Jacksonville, FL 32257",JACKSONVILLE,Duval,,+1904-312-7990,https://uwrgjacksonvillefl.com/,4.9,583,"disaster restoration company,fire and water damage restoration,mold remediation,restoration company,water damage restoration",,,1,0,,,none,"disaster restoration company,fire and water damage restoration,mold remediation,restoration company,water damage restoration",2026-08-28 20:40:27
886,ChIJe0ewCapLHAER2_C0t_syu8k,American Quality Restoration,,Green Cove Springs,Clay,,+1904-438-8780,http://americanqualityrestoration.com/,5.0,62,restoration company,,,1,0,,,none,restoration company,2026-08-28 20:40:27
887,ChIJNT3gR813xmkRsp3Hv6pBcio,Ancient City Restoration,"1525 Northwood Dr Ste 504, St. Augustine, FL 32084",ST. AUGUSTINE,St. Johns,,,https://www.ancientcityrestoration.com/,5.0,5,restoration company,,,1,0,,,none,restoration company,2026-08-28 20:40:27
888,ChIJ68CvPpjL5YgRMzv9xlTqePA,"SweetWater Restoration, Inc.","112 Badger Park Dr, St Johns, FL 32259",ST JOHNS,St. Johns,,+1844-793-3808,http://www.sweetwaterrestoration.com/,4.4,10,restoration company,,,1,0,,,none,restoration company,2026-08-28 20:40:27
889,ChIJtax_wpcp5IgRZ1oYOclJRdw,Sunbelt Restoration,"2802 N 9th St, St. Augustine, FL 32084",ST. AUGUSTINE,St. Johns,,+1972-681-6222,http://www.sunbeltllc.com/,5.0,5,restoration company,,,1,0,,,none,restoration company,2026-08-28 20:40:27
890,ChIJ9_X7nSOd5ogRzkDOwAlR7Co,Custom Coatings and Restoration,"2475 Dobbs Rd, St. Augustine, FL 32086",ST. AUGUSTINE,St. Johns,,+1904-687-1991,http://www.customcoatingsandrestorations.com/,4.6,68,restoration company,,,1,0,,,none,restoration company,2026-08-28 20:40:27
891,ChIJVVVFmXbU5YgRjqaEtGDgIuk,"DRT Restoration, LLC","8211 Forest Ct, St. Augustine, FL 32092",ST. AUGUSTINE,St. Johns,,+1386-282-8857,,5.0,1,"disaster restoration company,fire and water damage restoration",,,1,0,,,none,"disaster restoration company,fire and water damage restoration",2026-08-28 20:40:27
892,ChIJb-0ICNwz5IgRyqAHHbhotVw,ADU Water Fire Mold Storm,"108 Badger Park Dr, Jacksonville, FL 32259",JACKSONVILLE,Duval,,+1888-998-2379,https://www.alldryus.com/florida/jacksonville/,4.8,69,"fire and water damage restoration,mold remediation,mold testing,water damage restoration",,,0,0,,,none,"fire and water damage restoration,mold remediation,mold testing,water damage restoration",2026-08-28 20:40:27
893,ChIJw2Qbzv1Z7C8RjiLHrRTP634,AE PROPERTY SERVICES,,Saint Augustine,St. Johns,,+1904-466-4478,https://www.aepropertyservicesfl.com/?utm_source=google&utm_medium=wix_google_business_profile&utm_campaign=17106581557881937991,5.0,15,fire and water damage restoration,,,0,0,,,none,fire and water damage restoration,2026-08-28 20:40:27
894,ChIJvdh4uxe35YgR3knQc90o0K8,Anderson Restoration & Emergency Services,"221 N Hogan St #321, Jacksonville, FL 32202",JACKSONVILLE,Duval,,+1904-827-9919,http://andersonrestoration.com/,4.9,103,"disaster restoration company,fire and water damage restoration,mold assessment,mold remediation,restoration company,water damage restoration",,,1,0,,,none,"disaster restoration company,fire and water damage restoration,mold assessment,mold remediation,restoration company,water damage restoration",2026-08-28 20:40:27
895,ChIJbdzRcyc35IgR4aKbbQbRamQ,Affordable Mold Removal & Remodeling,"822 Jimmy Buffett Mem Hwy #310, Ponte Vedra Beach, FL 32082",PONTE VEDRA BEACH,St. Johns,,+1904-468-6653,http://www.affordablemitigation.com/,4.9,62,"mold assessment,mold inspection,mold remediation,mold testing",,,0,0,,,none,"mold assessment,mold inspection,mold remediation,mold testing",2026-08-28 20:40:28
896,ChIJmfND7UVJ5IgRX57hlTHgfxI,SERVPRO of Jacksonville Beach/Ponte Vedra,"446 3rd St #10, Neptune Beach, FL 32266",NEPTUNE BEACH,Duval,,+1904-701-2228,https://www.servpro.com/locations/fl/servpro-of-jacksonville-beach-ponte-vedra?utm_medium=organic&utm_source=gbp,5.0,113,"disaster restoration company,fire and water damage restoration,mold assessment,mold inspection,mold remediation,mold testing,restoration company,water damage restoration",,,1,0,,,none,"disaster restoration company,fire and water damage restoration,mold assessment,mold inspection,mold remediation,mold testing,restoration company,water damage restoration",2026-08-28 20:40:28
897,ChIJkSQxrei15YgRsiVgGluDLgQ,Pure Maintenance Mold Remediation - Jacksonville,"2210 Corporate Square Blvd #3, Jacksonville, FL 32216",JACKSONVILLE,Duval,,+1904-796-1960,https://www.removemoldjacksonville.com/?utm_source=gmb&utm_medium=organic&utm_campaign=local,4.9,625,"fire and water damage restoration,mold assessment,mold inspection,mold remediation,mold testing,restoration company,water damage restoration",,,1,0,,,none,"fire and water damage restoration,mold assessment,mold inspection,mold remediation,mold testing,restoration company,water damage restoration",2026-08-28 20:40:28
898,ChIJdwSvE0XSJAIRogsWtGxpees,Renewal Claim Solutions of North Florida,"1519 Penman Rd, Jacksonville Beach, FL 32250",JACKSONVILLE BEACH,Duval,,+1866-673-8379,https://renewalclaimsolutions.com/locations/renewal-north-florida/,5.0,8,fire and water damage restoration,,,0,0,,,none,fire and water damage restoration,2026-08-28 20:40:28
899,ChIJXcNUSZ5J5IgRuzwhgVDytOM,Mold Medics Jacksonville East,"1840 Mealy St, Atlantic Beach, FL 32233",ATLANTIC BEACH,Duval,,+1904-364-9200,https://www.moldmedics.com/jacksonville-east/,5.0,8,"mold assessment,mold remediation,water damage restoration",,,0,0,,,none,"mold assessment,mold remediation,water damage restoration",2026-08-28 20:40:28
900,ChIJReOwTatL5IgRF9K_OVXp1_M,WATER Premier Flood Damage Repair,"3101 Prescott Falls Dr, Jacksonville, FL 32224",JACKSONVILLE,Duval,,+1844-422-3441,,5.0,1,"fire and water damage restoration,water damage restoration",,,0,0,,,none,"fire and water damage restoration,water damage restoration",2026-08-28 20:40:28
901,ChIJoZ_VGRFJ5IgR3KlknZiixhQ,AIT Environmental Technology,"460 Osceola Ave, Jacksonville Beach, FL 32250",JACKSONVILLE BEACH,Duval,,+1904-344-3018,https://aitfla.com/,5.0,14,"mold assessment,mold inspection,mold remediation,mold testing",,,0,1,MRSA2817,"HOLLER, DENNIS H",high,"mold assessment,mold inspection,mold remediation,mold testing",2026-08-28 20:40:28
902,ChIJFf3J6IYODmERYSIaVxmVsIk,All Dry Services of SE Jacksonville,"13830 Gran Bay Pkwy #301, Jacksonville, FL 32258",JACKSONVILLE,Duval,,+1904-592-9111,http://alldryjax.com/,4.9,68,"disaster restoration company,mold assessment,mold remediation,mold testing,restoration company,water damage restoration",,,1,0,,,none,"disaster restoration company,mold assessment,mold remediation,mold testing,restoration company,water damage restoration",2026-08-28 20:40:28
903,ChIJu6IjlMO6TKsRWOvZuwXlYAQ,RestoPros of Northeast Florida,"3167 St Johns Bluff Rd S Unit 107, Jacksonville, FL 32246",JACKSONVILLE,Duval,,+1904-201-9151,https://www.restopros.co/fl-jacksonville-north-east,5.0,75,"disaster restoration company,fire and water damage restoration,mold assessment,mold inspection,mold remediation,mold testing,restoration company,water damage restoration",,,0,1,MRSA4066,"KUDA, EMILY ROSE",high,"disaster restoration company,fire and water damage restoration,mold assessment,mold inspection,mold remediation,mold testing,restoration company,water damage restoration",2026-08-28 20:40:28
904,ChIJB2hsxFgy5IgRf2IRotHveLk,JARDY Group,"10960 US-1, Ponte Vedra Beach, FL 32081",PONTE VEDRA BEACH,St. Johns,,+1904-891-4749,https://jardygroup.com/,4.9,10,mold remediation,,,0,0,,,none,mold remediation,2026-08-28 20:40:28
905,ChIJO14NLUF6tUMR8NTk88q5ziE,Florida Mold Masters of Southeast Jacksonville,"8214 Princeton Square Blvd E Apt 605, Jacksonville, FL 32256",JACKSONVILLE,Duval,,+1904-404-0085,https://floridamoldmasters.com/mold-remediation-southeast-jacksonville-fl,5.0,2,"mold assessment,mold inspection,mold remediation,mold testing",,,0,0,,,none,"mold assessment,mold inspection,mold remediation,mold testing",2026-08-28 20:40:28
906,ChIJTVvAANfJ5YgRNk9icwx3Y7Y,Omega Environmental,"12816 Hood Landing Rd, Jacksonville, FL 32258",JACKSONVILLE,Duval,,+1904-694-3699,https://omegamold.com/,4.9,96,"mold assessment,mold inspection,mold remediation,mold testing",,,0,1,MRSA2832,"KEARSON, ALEXANDER D",high,"mold assessment,mold inspection,mold remediation,mold testing",2026-08-28 20:40:28
907,ChIJtZqN8QO35YgRjoopvVKwMmA,"Rainbow Restoration of Deerwood, FL","5107 University Blvd W Ste 103, Jacksonville, FL 32216",JACKSONVILLE,Duval,,+1904-862-7522,https://rainbowjax.com/,5.0,44,fire and water damage restoration,,,1,1,MRSR2637,"BUNTING, DANIEL LYN",high,fire and water damage restoration,2026-08-28 20:40:28
908,ChIJmespE1025IgRqecGeyGaj-4,TruSpek Inspections,"145 Water's Edge Dr N, Ponte Vedra Beach, FL 32082",PONTE VEDRA BEACH,St. Johns,,+1904-654-4969,http://www.truspek.com/,4.9,54,"mold assessment,mold inspection,mold remediation,mold testing",,,0,0,,,none,"mold assessment,mold inspection,mold remediation,mold testing",2026-08-28 20:40:28
909,ChIJFyJ3eDm15YgRtM2uoYD8qs0,SERVPRO of Arlington / Jacksonville East,"11215 St Johns Industrial Pkwy S #3, Jacksonville, FL 32246",JACKSONVILLE,Duval,,+1904-990-5233,https://www.servpro.com/locations/fl/servpro-of-arlington-jacksonville-east?utm_medium=organic&utm_source=gbp,4.9,229,"disaster restoration company,fire and water damage restoration,mold remediation,restoration company,water damage restoration",,,1,0,,,none,"disaster restoration company,fire and water damage restoration,mold remediation,restoration company,water damage restoration",2026-08-28 20:40:28
910,ChIJIbNqkJ0LmYMRduiqVTTLP30,The Property Defenders,,Fruit Cove,St. Johns,,+1904-755-8268,https://www.thepropertydefenders.com/,5.0,13,"mold assessment,mold inspection",,,0,0,,,none,"mold assessment,mold inspection",2026-08-28 20:40:28
911,ChIJt_egQTBJ5IgR625_OPETcfA,Rains Property Inspections,"345 33rd Ave S, Jacksonville Beach, FL 32250",JACKSONVILLE BEACH,Duval,,+1904-614-1352,https://www.rainspropertyinspections.com/,5.0,234,"mold assessment,mold inspection",,,0,1,MRSA4394,"RAINS, ROBERT LESTER",high,"mold assessment,mold inspection",2026-08-28 20:40:28
912,ChIJu8Qp7Dm35YgRjx1GZcGLKdQ,Fast Mold Testing - Jacksonville,"245 Riverside Ave Ste 100, Jacksonville, FL 32202",JACKSONVILLE,Duval,,+1904-815-0625,https://fastmoldtesting.com/jacksonville,5.0,16,"mold assessment,mold inspection,mold remediation,mold testing",,,0,0,,,none,"mold assessment,mold inspection,mold remediation,mold testing",2026-08-28 20:40:28
913,ChIJI9FYi9pJ5IgRxfIo4CF7iYY,"HLD Inspections, LLC","622 Ponte Vedra Blvd Unit D7, Ponte Vedra Beach, FL 32082",PONTE VEDRA BEACH,St. Johns,,+1727-488-2918,https://www.hldinspections.com/,5.0,8,mold inspection,,,0,0,,,none,mold inspection,2026-08-28 20:40:28
914,ChIJFa9w28_A5YgR5HeuEXJyhWc,Mold Inspection & Testing Jacksonville,,Baker,Okaloosa,,+1904-300-0099,http://moldinspectionandtest.com/jacksonville-fl,4.8,84,"mold assessment,mold inspection",,,0,0,,,none,"mold assessment,mold inspection",2026-08-28 20:40:28
915,ChIJ36GangjO5YgRG6mwe8tPPRE,LAQ EHS,"3430 Kori Rd #1, Jacksonville, FL 32257",JACKSONVILLE,Duval,,+1904-803-1014,https://laqehs.com/,5.0,248,"mold assessment,mold inspection,mold remediation,mold testing",,,0,1,MRSA2807,"LUCE, SHANNON RAE",high,"mold assessment,mold inspection,mold remediation,mold testing",2026-08-28 20:40:28
916,ChIJLTV3TzQ35IgRYzlPD9RZY_Q,LunsPro Inspections,,Ponte Vedra Beach,St. Johns,,+1904-249-6523,https://www.lunspro.com/florida,5.0,1899,mold inspection,,,0,0,,,none,mold inspection,2026-08-28 20:40:28
917,ChIJwYUa0rTN5YgR72yK1fN-5Dw,"Affiliated Home Inspections, Inc",,Ponte Vedra Beach,St. Johns,,+1904-463-2759,https://affiliatedhomeinspection.com/,4.9,160,mold inspection,,,0,0,,,none,mold inspection,2026-08-28 20:40:28
918,ChIJVVURCiG25YgRj_6k43CyPNU,Mold Inspection,"2862 Ballard Oaks Rd, Jacksonville, FL 32207",JACKSONVILLE,Duval,,+1904-701-7777,,,,"mold assessment,mold inspection,mold testing",,,0,0,,,none,"mold assessment,mold inspection,mold testing",2026-08-28 20:40:28
919,ChIJ-ejf20C35YgRLDOFl4la0Yw,True Definition Inspection Services - Jacksonville,"25 N Market St Suite 253, Jacksonville, FL 32202",JACKSONVILLE,Duval,,+1904-413-8783,https://www.truedefinitioninspections.com/,4.9,176,"mold inspection,mold testing",,,0,0,,,none,"mold inspection,mold testing",2026-08-28 20:40:28
920,ChIJU8tLz3az5YgRc4QvSvc6WwQ,Air & Mold Tester,"1540 Monument Rd #6, Jacksonville, FL 32225",JACKSONVILLE,Duval,,+1904-300-8660,https://airmoldtester.com/,5.0,1,"mold assessment,mold inspection,mold testing",,,0,1,MRSR3326,"ROBERTS, SHELBY H",high,"mold assessment,mold inspection,mold testing",2026-08-28 20:40:28
921,ChIJAxJpHKK15YgR0M2KNFAhlrE,Mayes Home Inspections & Mold Services,,Jacksonville,Duval,,+1904-382-3965,https://facebook.com/Mayeshomeinspections/,5.0,279,"mold assessment,mold inspection,mold testing",,,0,0,,,none,"mold assessment,mold inspection,mold testing",2026-08-28 20:40:28
922,ChIJ5XjlTlK35YgRcm1FcJnjacA,Water Damage Restoration Jacksonville,"1329 Norwich Rd, Jacksonville, FL 32207",JACKSONVILLE,Duval,,+1904-946-4522,https://www.waterdamagerestorationjacksonville.co/,5.0,11,"disaster restoration company,fire and water damage restoration,restoration company,water damage restoration",,,1,0,,,none,"disaster restoration company,fire and water damage restoration,restoration company,water damage restoration",2026-08-28 20:40:28
923,ChIJAQAQWRXGCIgRhGrLTgHjFZY,Water Damage Repair Experts,"5890 Norwood Ave, Jacksonville, FL 32208",JACKSONVILLE,Duval,,+1904-644-1135,,5.0,16,"fire and water damage restoration,water damage restoration",,,0,0,,,none,"fire and water damage restoration,water damage restoration",2026-08-28 20:40:28
924,ChIJUYZAdSm15YgR-fds-zIgocM,All Things Restored LLC,"9770 Old Baymeadows Rd #105, Jacksonville, FL 32256",JACKSONVILLE,Duval,,+1904-423-5663,https://www.allthingsrestoredllc.com/,4.8,148,"disaster restoration company,fire and water damage restoration,mold remediation,restoration company,water damage restoration",,,0,1,MRSR1959,"SOBOLEWSKI, BRIAN C",high,"disaster restoration company,fire and water damage restoration,mold remediation,restoration company,water damage restoration",2026-08-28 20:40:28
925,ChIJd38F1mjWVE8RU5ccffyi2ds,Jacksonville Precision Water Damage Restoration,"3101 Prescott Falls Dr, Jacksonville, FL 32224",JACKSONVILLE,Duval,,+1904-569-5758,https://waterdamagerestorationjacksonville1.com/,5.0,4,"fire and water damage restoration,water damage restoration",,,1,0,,,none,"fire and water damage restoration,water damage restoration",2026-08-28 20:40:28
926,ChIJF2S8zYBL5IgRpL_wLVTGe5A,"WATERS MEDICAL, LLC","14113 Little Falls Ct, Jacksonville, FL 32224",JACKSONVILLE,Duval,,+1725-705-8991,,5.0,2,water damage restoration,,,0,0,,,none,water damage restoration,2026-08-28 20:40:28
927,ChIJ-cxpvCHX-EcRVVU6R_qwb_A,Phoenix Restoration Services of Ponte Vedra,"150 Hilden Rd Ste 300, Ponte Vedra Beach, FL 32081",PONTE VEDRA BEACH,St. Johns,,+1904-567-6558,https://phoenixndr.com/,,,restoration company,,,1,0,,,none,restoration company,2026-08-28 20:40:28
928,ChIJj-AhmOq35YgRwJdi2xfZUoc,First Coast Contracting,"6900 Philips Hwy Suite 11, Jacksonville, FL 32216",JACKSONVILLE,Duval,,+1904-604-9525,https://firstcoastcontracting.com/,4.9,131,restoration company,,,0,1,MRSR5076,"GONZALEZ, TRAVIS R",high,restoration company,2026-08-28 20:40:28
929,ChIJVR_gKhu25YgRK9yv9CNZrFg,"Restore 24, Inc.","5152 University Blvd W, Jacksonville, FL 32216",JACKSONVILLE,Duval,,+1904-737-8673,http://www.restore24.net/,4.6,100,"disaster restoration company,fire and water damage restoration,mold remediation,restoration company,water damage restoration",,,0,1,MRSR2637,"BUNTING, DANIEL LYN",high,"disaster restoration company,fire and water damage restoration,mold remediation,restoration company,water damage restoration",2026-08-28 20:40:28
930,ChIJLWd4STfJ5YgR0h6_5mSrqco,Kustom Disaster Restoration,"6950 Philips Hwy #54, Jacksonville, FL 32216",JACKSONVILLE,Duval,,+1904-719-0217,https://kustom.us/location/jacksonville-fl/,4.9,118,"disaster restoration company,fire and water damage restoration,restoration company,water damage restoration",,,1,0,,,none,"disaster restoration company,fire and water damage restoration,restoration company,water damage restoration",2026-08-28 20:40:28
931,ChIJlQZURQVL5IgRQELwF9E-0sQ,Elements Disaster Recovery,"1540 Monument Rd #5, Jacksonville, FL 32225",JACKSONVILLE,Duval,,+1904-513-3749,http://www.elementsdisasterrecovery.com/,4.6,38,disaster restoration company,,,0,1,MRSR3326,"ROBERTS, SHELBY H",high,disaster restoration company,2026-08-28 20:40:28
932,ChIJRw9ttPm35YgRI6YmcwRhyG8,"DMS Restoration Services, Inc",,Williston,Levy,,+1904-333-9374,https://dms-restoration-services.com/,5.0,142,disaster restoration company,,,1,0,,,none,disaster restoration company,2026-08-28 20:40:28
933,ChIJ-Tvtiiq35YgRAVwNl-KuHpE,Paul Davis Restoration of North Florida,"2111 N Liberty St, Jacksonville, FL 32206",JACKSONVILLE,Duval,,+1904-675-1348,https://north-florida.pauldavis.com/?utm_source=gbp&utm_medium=organic&utm_campaign=jacksonville,4.5,319,"disaster restoration company,restoration company,water damage restoration",,,1,0,,,none,"disaster restoration company,restoration company,water damage restoration",2026-08-28 20:40:28
934,ChIJmR-fBvrK5YgRzqTKP9sGWQc,Fast Response Water Damage Restoration Jacksonville,"9801 Old Baymeadows Rd, Jacksonville, FL 32256",JACKSONVILLE,Duval,,,,3.4,5,water damage restoration,,,1,1,MRSR1959,"SOBOLEWSKI, BRIAN C",high,water damage restoration,2026-08-28 20:40:28
935,ChIJVTSJUo9L5IgRu4p3jI0_0uo,Trusted Water Damage Restoration Jacksonville,"14030 Atlantic Blvd unit 1415, Jacksonville, FL 32224",JACKSONVILLE,Duval,,,https://bestautovibes.store/,,,disaster restoration company,,,1,0,,,none,disaster restoration company,2026-08-28 20:40:28
936,ChIJI7OVjeiz5YgRUyb8N1_cskg,Water Mold Fire Restoration of Jacksonville,,Holt,Okaloosa,,+1904-474-4054,https://watermoldfire.net/jacksonville-fl,5.0,21,fire and water damage restoration,,,1,0,,,none,fire and water damage restoration,2026-08-28 20:40:28
937,ChIJfwOY0KRJ5IgRypaWz_q-QuQ,Vie Home Services,"111 Canal Blvd, Ponte Vedra Beach, FL 32082",PONTE VEDRA BEACH,St. Johns,,+1904-473-8330,https://www.viehomeservices.com/,4.8,43,disaster restoration company,,,0,0,,,none,disaster restoration company,2026-08-28 20:40:28
938,ChIJA_q9DQBJ5IgRK3kblKq1MSs,Tony's Solutions,"305 1st Ave N, Jacksonville Beach, FL 32250",JACKSONVILLE BEACH,Duval,,+1904-289-4087,https://www.tonysrestorationsolutions.com/,5.0,1,"mold assessment,mold remediation",,,0,0,,,none,"mold assessment,mold remediation",2026-08-28 20:40:30
939,ChIJu0YvyVwXcosReTtngvb1ln8,Big Foot Air Quality LLC,,Macclenny,Baker,,+1904-357-0094,http://www.bigfootairquality.com/,5.0,89,"mold assessment,mold inspection",,,0,0,,,none,"mold assessment,mold inspection",2026-08-28 20:40:30
940,ChIJCe_UqQBJ5IgRXSHJ9b-yJQU,Home Check Inspection Services LLC,"1199 3rd Ave N, Jacksonville Beach, FL 32250",JACKSONVILLE BEACH,Duval,,+1904-566-2053,https://www.homecheckinspectionservices.net/,5.0,222,mold inspection,,,0,0,,,none,mold inspection,2026-08-28 20:40:30
941,ChIJrdFZCi9J5IgRNSO-oZM_TqM,Inspect-All Services,"2108 First St, Neptune Beach, FL 32266",NEPTUNE BEACH,Duval,,+1904-773-4220,http://inspectall-jax.com/,5.0,358,"mold inspection,mold testing",,,0,0,,,none,"mold inspection,mold testing",2026-08-28 20:40:30
942,ChIJpxnuBktK5IgR92iva9FU1Dk,Mr. House Inspectors,,Ponte Vedra Beach,St. Johns,,+1904-673-3430,http://mrhouseinspectors.com/?utm_source=google-gmb-maps&utm_medium=gmb-website-button&utm_campaign=locl.io&utm_content=ab698cbc-b6e4-45be-b5d8-4478caef84d9,5.0,1057,mold inspection,,,0,0,,,none,mold inspection,2026-08-28 20:40:30
943,ChIJh3rvQ7XL5YgRVo9TmpCSxJI,911 Restoration of Jacksonville,"8638 Philips Hwy Suite 7, Jacksonville, FL 32256",JACKSONVILLE,Duval,,+1904-263-5550,https://www.911restorationjacksonville.com/?utm_source=google&utm_medium=organic&utm_campaign=gmb,4.6,19,"disaster restoration company,restoration company",,,1,0,,,none,"disaster restoration company,restoration company",2026-08-28 20:40:30
944,ChIJMyrSm3m15YgR-r9EucY2jts,Restoration Rangers,"576 St Johns Bluff Rd N Bldg 200, Jacksonville, FL 32225",JACKSONVILLE,Duval,,+1904-448-1030,http://restorationrangers.com/,4.8,147,"disaster restoration company,fire and water damage restoration,mold remediation,restoration company",,,1,0,,,none,"disaster restoration company,fire and water damage restoration,mold remediation,restoration company",2026-08-28 20:40:30
945,ChIJtz5JE1i35YgRG1O8n7oXKPk,Universal Restoration of North Florida,"11323 Phillips Pkwy Dr E Ste 4, Jacksonville, FL 32256",JACKSONVILLE,Duval,,+1904-231-9180,http://www.universalrestoration.net/,4.8,25,restoration company,,,1,0,,,none,restoration company,2026-08-28 20:40:30
946,ChIJH3ogKzi15YgRyCZk9XRvh4k,SERVPRO of Jacksonville South,"1716 Harper St, Jacksonville, FL 32204",JACKSONVILLE,Duval,,+1904-878-9035,https://www.servpro.com/locations/fl/servpro-of-jacksonville-south?utm_medium=organic&utm_source=gbp,4.9,288,"disaster restoration company,fire and water damage restoration,mold remediation,restoration company,water damage restoration",,,1,0,,,none,"disaster restoration company,fire and water damage restoration,mold remediation,restoration company,water damage restoration",2026-08-28 20:40:30
947,ChIJuW0DPYa15YgRBx-mY8M9diE,Voda Cleaning & Restoration of Jacksonville-St. Augustine,"8802 Corporate Square Ct Ste 406, Jacksonville, FL 32216",JACKSONVILLE,Duval,,+1904-893-2794,https://myvoda.com/jacksonville-st-augustine/?utm_source=google&utm_medium=organic&utm_campaign=gmb,5.0,170,"fire and water damage restoration,water damage restoration",,,1,0,,,none,"fire and water damage restoration,water damage restoration",2026-08-28 20:40:31
948,ChIJ8ZA0arnN5YgRmk9TB4yCGYk,"Solid Ground Inspections - home inspection in Saint Johns, FL","318 Bluejack Ln, St. Augustine, FL 32095",ST. AUGUSTINE,St. Johns,,+1904-853-0720,,5.0,4,"mold assessment,mold inspection,mold testing",,,0,0,,,none,"mold assessment,mold inspection,mold testing",2026-08-28 20:40:31
949,ChIJ7QNhU5Qx5IgRw52AovStexs,First Coast Property Inspectors,"72 Sugar Sand Ln, St Johns, FL 32259",ST JOHNS,St. Johns,,+1904-955-9953,https://www.fcpropertyinspectors.com/,5.0,92,mold inspection,,,0,0,,,none,mold inspection,2026-08-28 20:40:31
950,ChIJobyrthPP5YgR7sEGtyGcJAI,EnviroNix,"1491 Mallard Lake Ave, St Johns, FL 32259",ST JOHNS,St. Johns,,+1904-500-6653,http://www.enviro-nix.com/,,,mold assessment,,,0,0,,,none,mold assessment,2026-08-28 20:40:31
951,ChIJq6paoozM5YgR1Za_Y1qxTJM,EnviroHealth,,Green Cove Springs,Clay,,+1904-650-4848,http://envirohealth.co/,5.0,60,"mold assessment,mold inspection,mold testing",,,0,0,,,none,"mold assessment,mold inspection,mold testing",2026-08-28 20:40:31
952,ChIJ02MWWj7N5YgRs3FHfiBIBHU,Florida Premier Building Consultants,"272 Little Bear Run, St Johns, FL 32259",ST JOHNS,St. Johns,,+1904-439-9125,http://flpbuildingconsultants.com/,5.0,77,mold inspection,,,0,0,,,none,mold inspection,2026-08-28 20:40:31
953,ChIJKzl1S4nO5YgRU1ZVq3Bieog,Gray Home Inspections Inc.,,Green Cove Springs,Clay,,+1904-500-4729,https://grayinspects.com/?utm_source=GMB&utm_medium=Website&utm_campaign=mapstakeover,5.0,3254,"mold assessment,mold inspection,mold testing",,,0,0,,,none,"mold assessment,mold inspection,mold testing",2026-08-28 20:40:31
954,ChIJQz2GYr655YgRhxvmjsMoWng,SERVPRO of Jacksonville Westside,"750 Cassat Ave, Jacksonville, FL 32205",JACKSONVILLE,Duval,,+1904-779-3990,https://www.servpro.com/locations/fl/servpro-of-jacksonville-westside?utm_medium=organic&utm_source=gbp,4.9,41,"fire and water damage restoration,water damage restoration",,,1,1,MRSR2478,"CLARK, BRADLEY ALAN",high,"fire and water damage restoration,water damage restoration",2026-08-28 20:40:31
955,ChIJ4yhCRnm35YgRe6BCI7qc-CM,Jax Restoration Solutions,"4638 Silver Ridge Dr, Jacksonville, FL 32207",JACKSONVILLE,Duval,,+1904-840-8848,https://jaxrestorationsolutions.jobbersites.com/,5.0,14,"mold remediation,restoration company,water damage restoration",,,1,0,,,none,"mold remediation,restoration company,water damage restoration",2026-08-28 20:40:31
956,ChIJ04wVb5_M5YgRj0UvSrt_BVk,Allied Restoration & Construction,"11501 Columbia Park Dr W, Jacksonville, FL 32258",JACKSONVILLE,Duval,,+1844-925-5433,https://alliedrandc.com/,4.2,72,restoration company,,,1,0,,,none,restoration company,2026-08-28 20:40:31
957,ChIJNVkcKNC05YgRpdYWrCBwlwc,SERVPRO of Mandarin,"2950 Halcyon Ln Ste 205, Jacksonville, FL 32223",JACKSONVILLE,Duval,,+1904-878-9057,https://www.servpro.com/locations/fl/servpro-of-mandarin?utm_medium=organic&utm_source=gbp,4.9,116,"fire and water damage restoration,mold remediation",,,1,0,,,none,"fire and water damage restoration,mold remediation",2026-08-28 20:40:31
958,ChIJneDWrLS35YgRM-n8DSO7M1o,PuroClean of Jacksonville Southbank,"841 Prudential Dr, Jacksonville, FL 32207",JACKSONVILLE,Duval,,+1904-428-0002,https://www.puroclean.com/jacksonville-fl-puroclean-jacksonville-southbank?src=GMB,4.9,77,"disaster restoration company,fire and water damage restoration,mold assessment,mold inspection,mold remediation,restoration company,water damage restoration",,,1,0,,,none,"disaster restoration company,fire and water damage restoration,mold assessment,mold inspection,mold remediation,restoration company,water damage restoration",2026-08-28 20:40:31
959,ChIJwZzdpKPH5YgR7wcLDp9mdVc,Pure Maintenance Mold Remediation - Orange Park,"1106 Park Ave, Orange Park, FL 32073",ORANGE PARK,Clay,,+1904-830-5926,https://www.floridapuremaintenance.com/,5.0,26,"mold assessment,mold remediation,mold testing",,,1,0,,,none,"mold assessment,mold remediation,mold testing",2026-08-28 20:40:34
960,ChIJfd0pIw3G5YgRNehyPk7C1_c,SERVPRO of Orange Park,"115 Industrial Loop, Orange Park, FL 32073",ORANGE PARK,Clay,,+1904-990-5237,https://www.servpro.com/locations/fl/servpro-of-orange-park?utm_medium=organic&utm_source=gbp,4.9,316,"fire and water damage restoration,mold remediation,mold testing,water damage restoration",,,1,0,,,none,"fire and water damage restoration,mold remediation,mold testing,water damage restoration",2026-08-28 20:40:34
961,ChIJRYWWWhEI5AwR4NSuW1TL3Bs,Mold Masters,,Macclenny,Baker,,+1904-674-8319,https://floridamoldmasters.com/mold-remediation-jacksonville-fl,5.0,5,"mold assessment,mold inspection",,,0,0,,,none,"mold assessment,mold inspection",2026-08-28 20:40:35
962,ChIJBbfMrddM5IgR4pl_WcPmEII,The Mold Detectives,,Fruit Cove,St. Johns,,+1904-998-8584,https://themolddetectives.com/,5.0,2,mold assessment,,,0,0,,,none,mold assessment,2026-08-28 20:40:35
963,ChIJ4yJeZgXJ5YgRrBj41zmZNaY,Rytech,,Green Cove Springs,Clay,,+1904-701-0110,https://jacksonville.rytechinc.com/,4.2,54,"mold assessment,mold remediation,water damage restoration",,,0,0,,,none,"mold assessment,mold remediation,water damage restoration",2026-08-28 20:40:35
964,ChIJ_ZKLBdDR5YgR7CqBgp7tqd8,House Authority Inspection Service,"620 Turning Leaf Ave, Fruit Cove, FL 32259",FRUIT COVE,St. Johns,,+1904-287-8842,https://houseauthority.net/contact-us/,,,"mold assessment,mold inspection",,,0,0,,,none,"mold assessment,mold inspection",2026-08-28 20:40:35
965,ChIJw-PLRKnN5YgRqOaRcwWUbQo,904Pro Inspections,"13720 Old St Augustine Rd Ste 8 - 146, Jacksonville, FL 32258",JACKSONVILLE,Duval,,+1904-703-6847,https://www.904pro.com/,4.9,171,mold inspection,,,0,1,MRSA2975,"MAY, BRANTLEY SEAN",high,mold inspection,2026-08-28 20:40:35
966,ChIJpWlRgsBxGK8RmQvIfbTO1ts,Allspec Services,,Fruit Cove,St. Johns,,+1904-448-5016,https://allspecservices.com/,5.0,106,mold inspection,,,0,0,,,none,mold inspection,2026-08-28 20:40:35
967,ChIJZYuqmuK-RwsRiwZWbLCwXwg,HomeTeam of Gainesville,,Green Cove Springs,Clay,,+1352-290-8688,http://www.hometeam.com/gainesville,5.0,144,"mold assessment,mold inspection",,,0,0,,,none,"mold assessment,mold inspection",2026-08-28 20:40:35
968,ChIJq4GwKxrb5YgR9BBbcLELDRc,"Inspectz Jax, LLC",,Green Cove Springs,Clay,,+1904-808-2559,,5.0,362,"mold assessment,mold inspection",,,0,0,,,none,"mold assessment,mold inspection",2026-08-28 20:40:35
969,ChIJG1Q1XmbR3wwR0vDJtvob7dI,Black Diamond Home Inspections LLC,,Green Cove Springs,Clay,,+1904-307-7471,https://www.blackdiamondinspect.com/,5.0,31,mold inspection,,,0,0,,,none,mold inspection,2026-08-28 20:40:35
970,ChIJ-RQBHKLaE4cRLmcajVGOUzc,Emerald Inspections,,Baker,Okaloosa,,+1904-327-7884,https://www.emeraldinspections.com/,5.0,14,mold inspection,,,0,0,,,none,mold inspection,2026-08-28 20:40:35
971,ChIJx7zfxTvL5YgRiq5CeXp36hM,Expedite Mold Removal & Remediation,"7915 Baymeadows Way Unit 231, Jacksonville, FL 32256",JACKSONVILLE,Duval,,+1904-453-7789,,5.0,5,mold remediation,,,1,0,,,none,mold remediation,2026-08-28 20:40:35
972,ChIJcZkl5urC4igRWmRBH9zgHCA,Revive Restoration,,Green Cove Springs,Clay,,+1904-725-0440,https://restorewithrevive.com/,4.8,22,"fire and water damage restoration,mold remediation,restoration company,water damage restoration",,,1,0,,,none,"fire and water damage restoration,mold remediation,restoration company,water damage restoration",2026-08-28 20:40:35
973,ChIJOxCRdlbL5YgRlnWJ1QUZ5vM,FIRST ONSITE Property Restoration,"9655 Florida Mining Blvd W Ste 507, Jacksonville, FL 32257",JACKSONVILLE,Duval,,+1904-779-3675,https://firstonsite.com/locations/view/us/fl/jacksonville/9655-florida-mining-w-blvd,5.0,30,"restoration company,water damage restoration",,,1,0,,,none,"restoration company,water damage restoration",2026-08-28 20:40:35
974,ChIJFZ2hBrfM5YgRsi3_FBN-9cc,Tod Booth Water Damage Restoration,"2950 Claire Ln, Jacksonville, FL 32223",JACKSONVILLE,Duval,,+1904-626-0915,,5.0,3,water damage restoration,,,1,1,MRSR5569,"BOOTH, TOD D",high,water damage restoration,2026-08-28 20:40:35
975,ChIJz4fQTWzF5YgRIC6gS-PGRPs,WaterShield,"1701 Smith St #43, Orange Park, FL 32073",ORANGE PARK,Clay,,+1904-944-6030,,5.0,16,"mold remediation,water damage restoration",,,0,0,,,none,"mold remediation,water damage restoration",2026-08-28 20:40:35
976,ChIJuwBElhZh30MRDB14eCCtWU8,Florida Roofing and Restoration Services,,Fruit Cove,St. Johns,,+1904-814-3457,https://floridaroofingrestore.com/,5.0,8,restoration company,,,1,0,,,none,restoration company,2026-08-28 20:40:35
977,ChIJJ8nfdK3P5YgRkmTXjYnlh98,Trinity Restoration and Roofing Jacksonville,"12627 San Jose Blvd Ste 502, Jacksonville, FL 32223",JACKSONVILLE,Duval,,+1904-763-2006,https://trinityrestoration.com/locations/jacksonville/?utm_source=google&utm_medium=organic&utm_campaign=gbp,4.9,1326,restoration company,,,1,0,,,none,restoration company,2026-08-28 20:40:35
978,ChIJy-hA3ZPN5YgRVWLGfa0b0fA,Advanced Remodeling & Restorations Inc.,,Fruit Cove,St. Johns,,+1904-338-4733,https://advancedremodelingandrestorations.com/,5.0,100,restoration company,,,1,0,,,none,restoration company,2026-08-28 20:40:35
979,ChIJ-zZQ8QC35YgRDTc_j0qIYxk,ServiceMaster Restoration of First Coast,"2384 Vans Ave Bldg 5, Jacksonville, FL 32207",JACKSONVILLE,Duval,,+1904-388-1100,https://servicemasterjax.com/,4.6,37,disaster restoration company,,,1,0,,,none,disaster restoration company,2026-08-28 20:40:35
980,ChIJ390JGPF8AIURdHR86hv_nRw,"24 Hour Flood Pros of Jacksonville, FL",,Baker,Okaloosa,,+1904-206-7238,https://www.24hourfloodpros.com/jacksonville-fl,5.0,706,"fire and water damage restoration,water damage restoration",,,0,0,,,none,"fire and water damage restoration,water damage restoration",2026-08-28 20:40:59
981,ChIJ2W_WeADB5YgRSid79hS4WMA,Bold City Indoor Air Quality and Emergency Services,"10066 103rd St #206, Jacksonville, FL 32210",JACKSONVILLE,Duval,,+1904-434-6318,https://boldcityiaq.com/?utm_source=GMB&utm_medium=Organic,5.0,52,"disaster restoration company,fire and water damage restoration,mold assessment,mold inspection,mold remediation,mold testing",,,0,0,,,none,"disaster restoration company,fire and water damage restoration,mold assessment,mold inspection,mold remediation,mold testing",2026-08-28 20:40:59
982,ChIJm44DRwDH5YgRPA1za0CP6zY,Jacksonville Mold & Water Damage Specialist,"4500 Blanding Blvd suite 210, Jacksonville, FL 32210",JACKSONVILLE,Duval,,+1324-202-8353,,4.0,2,mold remediation,,,0,0,,,none,mold remediation,2026-08-28 20:40:59
983,ChIJuSmQECnF5YgR9EJXqlK_-OM,Property360,"13459 Co Rd 127, Sanderson, FL 32087",SANDERSON,Baker,,+1904-503-9808,https://www.thebuildinginspector.net/?utm_source=google&utm_medium=organic&utm_campaign=gmb-sanderson-fl,5.0,3,mold inspection,,,0,0,,,none,mold inspection,2026-08-28 20:40:59
984,ChIJw5AdUKlC6mcRMFLdXTAcGGQ,Mold Pros,,Glen St Mary,Baker,,+1407-897-0496,https://www.moldprosflorida.com/,5.0,12,mold inspection,,,0,0,,,none,mold inspection,2026-08-28 20:40:59
985,ChIJ5_wbJx0bbWkRystBmfvzLsU,KPH Environmental,,Glen St Mary,Baker,,+1904-728-9208,http://www.kphenvironmental.co/,5.0,26,mold testing,,,0,0,,,none,mold testing,2026-08-28 20:41:00
986,ChIJY4W2XTm55YgR8kdvZtpeB70,Reliable Water Recovery,"5638 Atlee Ave, Jacksonville, FL 32205",JACKSONVILLE,Duval,,+1904-561-1856,,4.5,2,water damage restoration,,,0,0,,,none,water damage restoration,2026-08-28 20:41:00
987,ChIJNWL6Z5W55YgRF6fSw5Zk4c0,TrueCare Water Restoration,"5425 Leaming Ave, Jacksonville, FL 32254",JACKSONVILLE,Duval,,+1904-907-8939,,4.0,1,"disaster restoration company,water damage restoration",,,1,0,,,none,"disaster restoration company,water damage restoration",2026-08-28 20:41:00
988,ChIJ-wRvD4zG5YgRtJZ6acv1I1g,PuroClean Emergency Services,"435 Cassat Ave, Jacksonville, FL 32254",JACKSONVILLE,Duval,,+1904-573-3566,https://www.puroclean.com/jacksonville-fl-puroclean-emergency-services,4.8,117,"disaster restoration company,fire and water damage restoration,restoration company",,,1,0,,,none,"disaster restoration company,fire and water damage restoration,restoration company",2026-08-28 20:41:00
989,ChIJk9hlSHz15YgRCBnd0spnWpc,"FOSTERS GENERAL CONTRACTING & PLUMBING, INC.","10174 Hilliard Ave, Glen St Mary, FL 32040",GLEN ST MARY,Baker,,+1904-653-1136,https://fostersgeneralcontracting.com/?utm_source=gbp&utm_medium=organic&utm_campaign=gbp-listing,4.3,6,restoration company,,,0,0,,,none,restoration company,2026-08-28 20:41:00
990,ChIJ6fPi7IL15YgRaLh3jNaWuQ0,"Custom Carts and Coatings, Inc","9889 S Glen Ave, Glen St Mary, FL 32040",GLEN ST MARY,Baker,,+1904-259-0737,,5.0,25,restoration company,,,1,0,,,none,restoration company,2026-08-28 20:41:00
991,ChIJOXbJfMT05YgRB7cXpRZSfOk,Glen Cash Hardware,"6874 E Mount Vernon St, Glen St Mary, FL 32040",GLEN ST MARY,Baker,,+1904-259-2381,https://truevalue.com/?tvstore=19982&utm_source=gbp&utm_medium=organic,4.7,90,restoration company,,,0,0,,,none,restoration company,2026-08-28 20:41:00
992,ChIJh-0q_cgujYcRNZ9Of6OAyJA,People First Restoration,,Glen St Mary,Baker,,+1888-278-8054,https://peoplefirstrestoration.com/,5.0,11,restoration company,,,1,0,,,none,restoration company,2026-08-28 20:41:00
993,ChIJzZp4FAD15YgR9OgaFQn0qwk,Rowan's Rides,"10890 County Rd 125, Glen St Mary, FL 32040",GLEN ST MARY,Baker,,,,5.0,1,restoration company,,,0,0,,,none,restoration company,2026-08-28 20:41:00
994,ChIJj3MmcxmLTIgRZB_I7gPRGWY,Urgent Construction and Repair Services,,Glen St Mary,Baker,,+1904-447-0885,https://www.urgentconstructionservices.com/,4.7,39,restoration company,,,0,0,,,none,restoration company,2026-08-28 20:41:00
995,ChIJSbkmF-m55YgR9xPuXJcClxQ,Regency DRT,"5581 Commonwealth Ave, Jacksonville, FL 32254",JACKSONVILLE,Duval,,+1561-475-1387,https://regencydrt.com/locations/jacksonville-fl/,3.7,9,"disaster restoration company,restoration company",,,0,0,,,none,"disaster restoration company,restoration company",2026-08-28 20:41:00
996,ChIJN_wnlbr05YgR_iiRpMI8jyM,"A, R&R, Inc.","11837 FL-121, Macclenny, FL 32063",MACCLENNY,Baker,,+1904-259-4774,,4.4,56,restoration company,,,0,0,,,none,restoration company,2026-08-28 20:41:00
997,ChIJTQQrb5z15YgRbPZhKKjg-4I,jordans auto care,"10844 County Rd 125, Glen St Mary, FL 32040",GLEN ST MARY,Baker,,+1904-259-5602,,4.8,34,restoration company,,,0,0,,,none,restoration company,2026-08-28 20:41:00
998,ChIJOXbJfMT05YgRgemCkNIIgQE,Gateway Pest Control Inc,"9830 S Glen Ave, Glen St Mary, FL 32040",GLEN ST MARY,Baker,,+1904-259-3808,,4.6,31,restoration company,,,0,0,,,none,restoration company,2026-08-28 20:41:01
999,ChIJW91a_PK_5YgRt29AUSr-vFk,Powell Construction & Devlopment,"104 E Macclenny Ave, Macclenny, FL 32063",MACCLENNY,Baker,,+1904-521-1377,http://www.facebook.com/PowellConstructionLLC/,4.8,16,restoration company,,,0,0,,,none,restoration company,2026-08-28 20:41:01
1000,ChIJ_0xmLLET54gRygSQ0EUNG74,Water damage restoration service - Jacksonville: Emergency Restoration Services,,Holt,Okaloosa,,+1407-602-6184,https://flwaterdamagerestoration.com/,5.0,1,fire and water damage restoration,,,1,0,,,none,fire and water damage restoration,2026-08-28 20:41:01
1001,ChIJe4ayZDjE5YgRQOKby16zheI,Integrity,"1508 Cassat Ave, Jacksonville, FL 32205",JACKSONVILLE,Duval,,,,4.2,118,"disaster restoration company,restoration company",,,0,0,,,none,"disaster restoration company,restoration company",2026-08-28 20:41:01
1002,ChIJmRJlISTPrKgR3Cq-A7oYU8E,Disaster Recons,,Glen St Mary,Baker,,+1813-598-0148,https://www.disasterrecons.com/,5.0,2,disaster restoration company,,,0,0,,,none,disaster restoration company,2026-08-28 20:41:01
1003,ChIJbboY2i0674gRy5yryNkpzZI,SERVPRO of Columbia and Suwannee Counties,"181 NW Amenity Ct, Lake City, FL 32055",LAKE CITY,Columbia,,+1386-610-8700,https://www.servpro.com/locations/fl/servpro-of-columbia-and-suwannee-counties?utm_medium=organic&utm_source=gbp,5.0,175,"disaster restoration company,fire and water damage restoration,mold assessment,mold inspection,mold remediation,mold testing,restoration company,water damage restoration",,,1,1,MRSR1123,"NICHOLSON, CHARLES CRAIG",high,"disaster restoration company,fire and water damage restoration,mold assessment,mold inspection,mold remediation,mold testing,restoration company,water damage restoration",2026-08-28 20:41:22
1004,ChIJlyJGjztT74gRIFbQGbhMgD0,All Elite Home Inspections,,Baker,Okaloosa,,+1386-853-5520,http://allelitehomeinspections.com/,5.0,279,mold inspection,,,0,0,,,none,mold inspection,2026-08-28 20:41:22
1005,ChIJUYhaWOH15YgRpAYGZGTzgZQ,Marvel Auto Restoration Inc,"10522 St Marys Cir E, Macclenny, FL 32063",MACCLENNY,Baker,,+1904-233-0980,,5.0,2,restoration company,,,1,0,,,none,restoration company,2026-08-28 20:41:23
1006,ChIJB5xBq9Ig74gR1FlrsPMq-h4,"Great South Log Home Staining, Restoration & Inspections",,Fort White,Columbia,,+1386-249-0976,https://greatsouthloghomeservice.com/,4.9,16,restoration company,,,1,0,,,none,restoration company,2026-08-28 20:41:23
1007,ChIJE5iYOxE_yUwRyvgxca-9Qpg,Restoration Renovations,,Trenton,Levy,,+1352-554-7071,https://www.restorerenov.com/?utm_source=GMB&utm_medium=Ocala+GMB&utm_id=Ocala+GMB,5.0,23,"disaster restoration company,fire and water damage restoration,mold assessment,mold inspection,mold remediation,mold testing,restoration company,water damage restoration",,,1,0,,,none,"disaster restoration company,fire and water damage restoration,mold assessment,mold inspection,mold remediation,mold testing,restoration company,water damage restoration",2026-08-28 20:41:23
1008,ChIJJ677U3nB9S4RwLqtd0AfJKQ,Best Price Mold and Water Restoration Services LLC,"1426 Lime St STE 2, Fernandina Beach, FL 32034",FERNANDINA BEACH,Nassau,,+1904-580-2141,https://bestpricemold.com/,5.0,10,"mold remediation,mold testing",,,1,0,,,none,"mold remediation,mold testing",2026-08-28 20:41:37
1009,ChIJbWBnCa315YgRg39g94LMmZs,Mossmann Inspections LLC,,Macclenny,Baker,,+1904-716-8769,http://mossmanninspections.com/,4.6,16,"mold assessment,mold inspection,mold testing",,,0,0,,,none,"mold assessment,mold inspection,mold testing",2026-08-28 20:41:37
1010,ChIJoSHXGCSL5YgR-_MSpTYiOYk,Florida Agricultural Inspection Station,"16007 FL-121, Macclenny, FL 32063",MACCLENNY,Baker,,+1904-259-6886,https://www.fdacs.gov/Agriculture-Industry/Agricultural-Inspection-Stations,3.7,3,mold inspection,,,1,0,,,none,mold inspection,2026-08-28 20:41:37
1011,ChIJ51s5103z5YgRrX1jtPt-qOE,Baker County Development Department,"360 E Shuey Ave, Macclenny, FL 32063",MACCLENNY,Baker,,+1904-259-2403,http://www.bakercountyfl.org/communitydevelopment.php,,,mold inspection,,,0,0,,,none,mold inspection,2026-08-28 20:41:37
1012,ChIJFW1TZq7sDa4RbeQI-4F3m5E,Axtra Hand,"2126 D E Long Rd, Macclenny, FL 32063",MACCLENNY,Baker,,+1904-855-7709,https://www.axtrahand.com/,4.9,222,"restoration company,water damage restoration",,,0,0,,,none,"restoration company,water damage restoration",2026-08-28 20:41:37
1013,ChIJpaFA7l6s9SERM8yoOYXG0w4,Countryside Handyman Services LLC,"7882 Winder Rd, Macclenny, FL 32063",MACCLENNY,Baker,,+1954-644-3969,https://countrysidehms.com/,5.0,41,restoration company,,,0,0,,,none,restoration company,2026-08-28 20:41:37
1014,ChIJVVXBA27z5YgR0gewwq0U1b4,"HCA Construction and Roofing, Inc.","2468 Steel Bridge Rd, Macclenny, FL 32063",MACCLENNY,Baker,,+1904-568-7468,https://hcaroofing.com/,5.0,73,restoration company,,,0,0,,,none,restoration company,2026-08-28 20:41:37
1015,ChIJbd7yippY7wARLxRBdbZtrkM,"Rooftop Restorations, Inc.",,Starke,Bradford,,+1904-554-7838,https://rooftoprestorationsfl.com/,5.0,79,restoration company,,,1,0,,,none,restoration company,2026-08-28 20:41:37
1016,ChIJFW2pNICAGoURSAgqjvQEqXI,Swanson Drywall & Restoration,,Macclenny,Baker,,+1912-816-2075,http://www.swansondrywall.com/,5.0,21,restoration company,,,1,0,,,none,restoration company,2026-08-28 20:41:37
1017,ChIJB-eD1Fvz5YgRyEPrk-180e4,Rock Contractors Inc,"515 S 6th St, Macclenny, FL 32063",MACCLENNY,Baker,,+1904-259-8989,,4.3,12,restoration company,,,0,0,,,none,restoration company,2026-08-28 20:41:37
1018,ChIJ-dPLuRi_5YgRsRSXO4IkF0g,Herring Cleaning & Restoration,"239 Jones Rd, Jacksonville, FL 32220",JACKSONVILLE,Duval,,+1904-384-8427,https://www.herringcleaning.com/,4.5,16,fire and water damage restoration,,,1,1,MRSR3239,"MIZELL, REGINA TODD",high,fire and water damage restoration,2026-08-28 20:41:37
1019,ChIJzVE8iBD_5IgRlbPR8p0HRHA,SERVPRO of Fernandina Beach/Jacksonville Northeast,"10 S 2nd St, Fernandina Beach, FL 32034",FERNANDINA BEACH,Nassau,,+1904-878-9055,https://www.servpro.com/locations/fl/servpro-of-fernandina-beach-jacksonville-northeast?utm_medium=organic&utm_source=gbp,4.9,95,"disaster restoration company,fire and water damage restoration",,,1,0,,,none,"disaster restoration company,fire and water damage restoration",2026-08-28 20:41:37
1020,ChIJ6cN_jrr05YgRtI3eBR4xfWY,Miracle Automotive & Truck Services,"6074 US-90, Macclenny, FL 32063",MACCLENNY,Baker,,+1904-259-3513,,4.4,174,disaster restoration company,,,0,0,,,none,disaster restoration company,2026-08-28 20:41:37
1021,ChIJ1eb01lGk6IgRGBrmhd6nQ4Y,Dreyer's DKI,"3500 NE Waldo Rd Ste B, Gainesville, FL 32609",GAINESVILLE,Alachua,,+1352-310-1828,https://dreyersdki.com/?utm_source=gmb&utm_medium=organic&utm_campaign=listing&utm_content=gainsville,4.8,529,"disaster restoration company,fire and water damage restoration,mold remediation,mold testing,restoration company,water damage restoration",,,1,0,,,none,"disaster restoration company,fire and water damage restoration,mold remediation,mold testing,restoration company,water damage restoration",2026-08-28 20:41:56
1022,ChIJYWGpc3VhoS8RGPFddGAJ0eA,Air Living Mold Remediation,"4421 NW 39th Ave, Gainesville, FL 32606",GAINESVILLE,Alachua,,+1727-516-0777,,5.0,3,"mold assessment,mold inspection,mold remediation,mold testing",,,1,0,,,none,"mold assessment,mold inspection,mold remediation,mold testing",2026-08-28 20:41:56
1023,ChIJDfnGyva86IgR3tftVehR5UI,MOLD INSPECTION / TESTING / GAINESVILLE,"10314 SW 19th Pl, Gainesville, FL 32607",GAINESVILLE,Alachua,,+1352-633-3591,http://www.homeinspectorusa.biz/,5.0,25,"mold assessment,mold inspection,mold remediation,mold testing",,,0,0,,,none,"mold assessment,mold inspection,mold remediation,mold testing",2026-08-28 20:41:56
1024,ChIJGViI5YOl6IgR-btIK5G_TQ8,Mold Solutions of Gainesville,"4581 NW 6th St Ste i, Gainesville, FL 32609",GAINESVILLE,Alachua,,+1352-215-4757,https://moldsolutionsgnv.com/,4.9,33,"mold assessment,mold inspection,mold remediation,mold testing",,,0,0,,,none,"mold assessment,mold inspection,mold remediation,mold testing",2026-08-28 20:41:56
1025,ChIJUU8bVs09WogRFiRUB4RS3NA,Sunshine Restoration,"15850 NW US Hwy 441, Alachua, FL 32615",ALACHUA,Alachua,,+1352-269-6022,https://sunshinerestorationfl.com/,5.0,219,"fire and water damage restoration,mold remediation,restoration company,water damage restoration",,,1,0,,,none,"fire and water damage restoration,mold remediation,restoration company,water damage restoration",2026-08-28 20:41:56
1026,ChIJJ-A1RMa36IgRy3wYzk37icM,Dreyer's DKI,"14619 NW US Hwy 441, Alachua, FL 32615",ALACHUA,Alachua,,+1352-268-9787,https://www.dreyersdki.com/?utm_source=gmb&utm_medium=organic&utm_campaign=listing&utm_content=alachua,4.6,86,"fire and water damage restoration,mold remediation,mold testing,water damage restoration",,,1,1,MRSR2404,"DREYER, JONATHAN EDMOND",high,"fire and water damage restoration,mold remediation,mold testing,water damage restoration",2026-08-28 20:41:56
1027,ChIJNR8SXVmj6IgRxpMvZyNdm2E,SERVPRO of East Gainesville,"111 SE 1 Ave Ste 140, Gainesville, FL 32601",GAINESVILLE,Alachua,,+1352-888-4324,https://www.servpro.com/locations/fl/servpro-of-east-gainesville?utm_medium=organic&utm_source=gbp,5.0,85,"fire and water damage restoration,mold remediation",,,1,0,,,none,"fire and water damage restoration,mold remediation",2026-08-28 20:41:56
1028,ChIJM_z4O9O86IgRToog48GSeMs,"SERVPRO of Gainesville West, Alachua County West","3210 SW 40th Blvd Ste C, Gainesville, FL 32608",GAINESVILLE,Alachua,,+1352-888-4323,https://www.servpro.com/locations/fl/servpro-of-gainesville-west-alachua-county-west?utm_medium=organic&utm_source=gbp,4.8,113,"fire and water damage restoration,mold assessment,mold inspection,mold remediation,mold testing,water damage restoration",,,1,0,,,none,"fire and water damage restoration,mold assessment,mold inspection,mold remediation,mold testing,water damage restoration",2026-08-28 20:41:56
1029,ChIJ66oUNbLD5YgRF43pOmGvEwQ,SERVPRO of North Clay County/Oakleaf/North Middleburg,"35 Knight Boxx Rd Ste 5 (Box 7, Orange Park, FL 32065",ORANGE PARK,Clay,,+1904-861-8870,https://www.servpro.com/locations/fl/servpro-of-north-clay-county-oakleaf-north-middleburg?utm_medium=organic&utm_source=gbp,4.9,71,"fire and water damage restoration,mold assessment,mold inspection,mold remediation,mold testing",,,1,0,,,none,"fire and water damage restoration,mold assessment,mold inspection,mold remediation,mold testing",2026-08-28 20:41:56
1030,ChIJAezll-C96IgRJXqP7CSLK-Q,Florida Mold Control,"7733 W Newberry Rd b3, Gainesville, FL 32606",GAINESVILLE,Alachua,,+1352-837-8772,https://www.flmoldcontrol.com/,5.0,26,"mold remediation,mold testing,restoration company,water damage restoration",,,0,0,,,none,"mold remediation,mold testing,restoration company,water damage restoration",2026-08-28 20:41:56
1031,ChIJVzC5hZW76IgR160NHU0Z9-4,The Best Restoration,"6933 NW 4th Blvd, Gainesville, FL 32607",GAINESVILLE,Alachua,,+1352-329-3863,https://thebestrestoration.com/?utm_campaign=gmb,4.9,1065,"fire and water damage restoration,mold remediation",,,1,0,,,none,"fire and water damage restoration,mold remediation",2026-08-28 20:41:56
1032,ChIJsYV5_IUH5ogR7wXU3_NUWNg,Asset Specialty Services + Storage,"4778 SE 142nd Way, Starke, FL 32091",STARKE,Bradford,,+1904-773-3363,https://www.assetsss.com/,5.0,6,disaster restoration company,,,0,0,,,none,disaster restoration company,2026-08-28 20:41:56
1033,ChIJn-qdq1G86IgRWvAzqZX39Ag,Maven Construction Group,"6833 NW 16th St, Gainesville, FL 32653",GAINESVILLE,Alachua,,+1352-240-6705,https://www.mavenrestoration.com/?utm_source=GoogleMyBusiness&utm_medium=organic&utm_campaign=GMB,4.9,96,"fire and water damage restoration,water damage restoration",,,0,0,,,none,"fire and water damage restoration,water damage restoration",2026-08-28 20:41:56
1034,ChIJ99ffAt0t2YgRU1uKj2Y4Yr4,Mold Alert - The Mold Experts,"7733 W Newberry Rd b3, Gainesville, FL 32606",GAINESVILLE,Alachua,,+1352-478-5865,http://www.getamoldinspection.com/,5.0,34,"mold assessment,mold inspection,mold remediation,mold testing",,,0,0,,,none,"mold assessment,mold inspection,mold remediation,mold testing",2026-08-28 20:41:56
1035,ChIJV5BGbEzrdEkRqSNj7tXp6PE,Mold Removal and Remediation Gainesville,,Williston,Levy,,+1352-450-5558,https://moldremovalandremediation.lovable.app/,5.0,3,"mold assessment,mold inspection",,,1,0,,,none,"mold assessment,mold inspection",2026-08-28 20:41:56
1036,ChIJexNGJgel6IgRkxiyYeNuhts,United Water Restoration Group of Gainesville,"1126 NW 2nd St Ste C, Gainesville, FL 32601",GAINESVILLE,Alachua,,+1352-415-8987,https://unitedwaterrestoration.com/us/florida/gainesville,4.8,32,"fire and water damage restoration,water damage restoration",,,1,0,,,none,"fire and water damage restoration,water damage restoration",2026-08-28 20:41:56
1037,ChIJN6al6xC_wogRQNjqZ6e0Aao,Certified Mold Assessments,,Baker,Okaloosa,,+1813-789-8209,https://www.certifiedmoldassessments.com/,5.0,104,mold assessment,,,0,0,,,none,mold assessment,2026-08-28 20:41:56
1038,ChIJTyjz0er95YgRqp_V3ia5_RU,Florida Pest Control,"539 E Call St, Starke, FL 32091",STARKE,Bradford,,+1904-977-2680,https://www.flapest.com/locations/starke/?utm_source=google&utm_medium=gbp&utm_campaign=starke,4.7,212,"mold assessment,mold inspection",,,0,0,,,none,"mold assessment,mold inspection",2026-08-28 20:41:56
1039,ChIJgdY4j76k6IgRSH8o5iLouRU,Pillar To Post,"Gainesville, FL 32614",GAINESVILLE,Alachua,,+1352-572-7253,https://alachua.pillartopost.com/,4.6,24,"mold assessment,mold inspection",,,0,0,,,none,"mold assessment,mold inspection",2026-08-28 20:41:56
1040,ChIJRZktE_zd5YgROJkuBtru_Q4,Property360,,Green Cove Springs,Clay,,+1904-637-1267,https://www.thebuildinginspector.net/?utm_source=google&utm_medium=organic&utm_campaign=gmb-middleburg-fl,4.9,63,mold inspection,,,0,0,,,none,mold inspection,2026-08-28 20:41:56
1041,ChIJ__-TBF2lQIYRozSN8W4HwPI,Elite Mold Testing & Assessment,,Starke,Bradford,,+1281-748-7227,https://www.elitemoldtestandassess.com/,5.0,240,mold assessment,,,0,0,,,none,mold assessment,2026-08-28 20:41:56
1042,ChIJb_1HD1bT5YgRX2uwmGo38vA,Hanna Home Services,,Green Cove Springs,Clay,,+1904-658-1009,https://www.hannahomeservices.com/,5.0,194,mold inspection,,,0,0,,,none,mold inspection,2026-08-28 20:41:56
1043,ChIJ6TrHhXod2YgRqgp_cL1u66Q,Mold Shark,,Trenton,Levy,,+1954-354-2913,https://mold-shark.com/,5.0,32,mold assessment,,,0,0,,,none,mold assessment,2026-08-28 20:41:56
1044,ChIJz4TQYJXr3ogREGzGG-7jUVQ,Mold Shark,,Trenton,Levy,,+1772-333-4399,https://mold-shark.com/port-st-lucie-fl/,5.0,48,mold assessment,,,0,0,,,none,mold assessment,2026-08-28 20:41:56
1045,ChIJ64I9mUXx5YgRJ8VgvFYlTVI,North Florida Inspection Solutions,,Starke,Bradford,,+1904-648-6347,http://www.nfinspectionsolutions.com/,5.0,302,mold inspection,,,0,0,,,none,mold inspection,2026-08-28 20:41:57
1046,ChIJLTGkk7D0WqMRC8gLHwjQ8f0,"High Mark Inspections, LLC",,High Springs,Alachua,,+1386-361-8040,http://www.highmarkinspections.com/,5.0,168,mold inspection,,,0,0,,,none,mold inspection,2026-08-28 20:41:57
1047,ChIJ1YaL2yW_6IgRZkMT11kS3bI,Greenwood Building Inspection & Consulting - Property & Mold Inspection Services,,Williston,Levy,,+1352-405-5516,http://www.gpiservices.com/,5.0,52,"mold assessment,mold inspection,mold testing",,,0,0,,,none,"mold assessment,mold inspection,mold testing",2026-08-28 20:41:57
1048,ChIJn2svROKj6IgR9XfpmTGwXb0,SERVPRO of W. Gainesville,"2950 SW Archer Rd, Gainesville, FL 32608",GAINESVILLE,Alachua,,+1813-543-0053,https://www.servpro.com/locations/fl/servpro-of-gainesville-west-alachua-county-west?utm_medium=organic&utm_source=gbp,5.0,22,"fire and water damage restoration,mold remediation,mold testing,restoration company,water damage restoration",,,1,0,,,none,"fire and water damage restoration,mold remediation,mold testing,restoration company,water damage restoration",2026-08-28 20:41:57
1049,ChIJrUxR9KW96IgRFYKEn6Yent8,Cristina'S Water Damage Restoration Gainesville FL,"9150 SW 49th Pl, Gainesville, FL 32608",GAINESVILLE,Alachua,,+1352-663-0593,,5.0,4,"disaster restoration company,restoration company,water damage restoration",,,1,0,,,none,"disaster restoration company,restoration company,water damage restoration",2026-08-28 20:41:57
1050,ChIJGW9tKJS76IgRB6E4-qMee7Y,Paul Davis of North Central Florida,"3499 NW 97th Blvd Ste 10, Gainesville, FL 32606",GAINESVILLE,Alachua,,+1352-332-5306,https://north-central-florida.pauldavis.com/,4.9,79,"fire and water damage restoration,mold assessment,mold inspection,water damage restoration",,,1,1,MRSR3446,"BAGLEY, ROBERT",high,"fire and water damage restoration,mold assessment,mold inspection,water damage restoration",2026-08-28 20:41:57
1051,ChIJEXciRjEF5ogRXHKWzpPocvc,"B.B. Restoration & Construction Services, LLC","7103 Immokalee Rd, Keystone Heights, FL 32656",KEYSTONE HEIGHTS,Clay,,+1352-256-7381,,,,restoration company,,,1,0,,,none,restoration company,2026-08-28 20:41:57
1052,ChIJT-5x9XWk6IgRTcCFyMgYCJg,Restoration Specialists Gainesville,"6201 NW 123rd Pl Ste 10, Gainesville, FL 32653",GAINESVILLE,Alachua,,+1352-376-0721,http://www.restorationspecialists.com/,3.2,12,water damage restoration,,,1,0,,,none,water damage restoration,2026-08-28 20:41:57
1053,ChIJq_mM6mk2hKcRahdsNPbbqS0,Heartland Restoration Services,,Starke,Bradford,,+1863-381-1613,https://www.heartlandrestorations.com/,5.0,27,fire and water damage restoration,,,1,0,,,none,fire and water damage restoration,2026-08-28 20:41:57
1054,ChIJlci1TFqr2YgRLaW3rqZR5ZM,Water And Fire Restoration Services Florida,,Starke,Bradford,,+1619-996-0185,https://water-fire-restoration-services-florida.ueniweb.com/?utm_campaign=gmb,5.0,5,fire and water damage restoration,,,1,0,,,none,fire and water damage restoration,2026-08-28 20:41:57
1055,ChIJh80mE8QLvQIRtc-cuSI57Dc,Black Water Construction Inc,,Starke,Bradford,,+1904-591-4436,https://www.blackwater-constructionfl.com/,5.0,6,fire and water damage restoration,,,0,0,,,none,fire and water damage restoration,2026-08-28 20:41:57
1056,ChIJXzMXwvCj6IgRBQXF_q3q7GU,ServiceMaster Restoration By 3 H Enterprise,"4927 SW 41st Blvd Ste 60, Gainesville, FL 32608",GAINESVILLE,Alachua,,+1352-414-8222,https://www.servicemasterrestore.com/servicemaster-restoration-by-3-h-enterprise/,5.0,25,"disaster restoration company,fire and water damage restoration,mold assessment,restoration company,water damage restoration",,,1,0,,,none,"disaster restoration company,fire and water damage restoration,mold assessment,restoration company,water damage restoration",2026-08-28 20:41:57
1057,ChIJR4utFsf95YgRVy-DDPBZ4c4,Durrance Pump & Supply,"864 N Temple Ave Ste C, Starke, FL 32091",STARKE,Bradford,,+1904-964-7061,,4.3,35,disaster restoration company,,,0,0,,,none,disaster restoration company,2026-08-28 20:41:57
1058,ChIJJaYsYwMI5ogR0ObY0_exoIE,Chemours Company,"5222 Treat Rd, Starke, FL 32091",STARKE,Bradford,,+1904-964-1200,http://www.chemours.com/,2.9,18,disaster restoration company,,,0,0,,,none,disaster restoration company,2026-08-28 20:41:57
1059,ChIJAQAAAMC154gR1a_1G5KTPHw,Florida Mold Testing,,Lake Butler,Bradford,,+1352-840-3043,https://www.moldtestingocala.com/,5.0,2,"mold assessment,mold inspection",,,0,0,,,none,"mold assessment,mold inspection",2026-08-28 20:42:20
1060,ChIJk3SahC-c-g4RMOffSTk1ktE,Florida Mold Solutions,,Lake Butler,Bradford,,+1407-360-0820,https://floridamoldsolutions.net/,5.0,12,"mold assessment,mold inspection,mold testing",,,0,0,,,none,"mold assessment,mold inspection,mold testing",2026-08-28 20:42:20
1061,ChIJDY4zsaHukE8RW71PR2Ic86k,Senor Mold LLC,,Lake Butler,Bradford,,+1689-263-2113,https://senormold.com/,5.0,5,mold assessment,,,0,0,,,none,mold assessment,2026-08-28 20:42:20
1062,ChIJ70wRJPWP3YgRgdF_k8l7mtc,CLG Mold Xperts,,Lake Butler,Bradford,,+1407-720-4519,https://clgmoldxperts.com/,5.0,31,mold assessment,,,0,0,,,none,mold assessment,2026-08-28 20:42:20
1063,ChIJ7Qo-XELF5YgRoXBAmEpKgI0,CK Builders and Home Inspections,"2574 Quail Roost Rd, Middleburg, FL 32068",MIDDLEBURG,Clay,,+1904-903-1184,http://ckinspector.com/,5.0,47,mold testing,,,0,0,,,none,mold testing,2026-08-28 20:42:20
1064,ChIJY5qw0HCJ54gRcY6qfmVetaI,"Atkinson Inspection Services of Central Florida, Inc.",,Lake Butler,Bradford,,+1407-963-3505,https://atkinsoninspection.com/,4.9,223,mold inspection,,,0,0,,,none,mold inspection,2026-08-28 20:42:20
1065,ChIJ8-x4s5gZ5ogRc1Slitloy5Y,Right Choice Inspections LLC,"125 Dixie St, Hawthorne, FL 32640",HAWTHORNE,Alachua,,+1352-353-9311,https://rightchoiceinspectionsllc.com/,5.0,3,mold inspection,,,0,0,,,none,mold inspection,2026-08-28 20:42:20
1066,ChIJUeevwd5T74gRbCYhrydIZZU,Lake Butler Hospital,"850 E Main St, Lake Butler, FL 32054",LAKE BUTLER,Bradford,,+1386-496-2323,https://lakebutlerhospital.com/,3.6,41,"disaster restoration company,mold testing",,,0,0,,,none,"disaster restoration company,mold testing",2026-08-28 20:42:20
1067,ChIJlSm9AQ696IgRkAbdXuZv6Ck,"ZND-SEN Mold Removal & Mold Remediation Service Gainesville, FL","5745 SW 75th St, Gainesville, FL 32608",GAINESVILLE,Alachua,,+1352-352-4337,https://moldremovalgainesvillefl.online/,3.8,16,"mold assessment,mold inspection",,,1,0,,,none,"mold assessment,mold inspection",2026-08-28 20:42:20
1068,ChIJoZcE2xjJ6IgRaLTpfrNpi9o,King Home Inspection LLC,"16031 NW 206th Dr, High Springs, FL 32643",HIGH SPRINGS,Alachua,,+1352-871-4934,https://kinghomeinspectionllc.com/,5.0,8,"mold assessment,mold inspection",,,0,0,,,none,"mold assessment,mold inspection",2026-08-28 20:42:20
1069,ChIJyX6f1XNT74gRqjiFC7v6YnM,James Jetton's Home Restoration & Painting,"947 SW 6th Ave, Lake Butler, FL 32054",LAKE BUTLER,Bradford,,+1386-957-2542,,3.0,1,restoration company,,,1,0,,,none,restoration company,2026-08-28 20:42:20
1070,ChIJudTERHhT74gRiB51OEppjb0,"On Track Land Management, LLC","14790 SW 85th Trail, Lake Butler, FL 32054",LAKE BUTLER,Bradford,,+1904-460-5464,https://ontracklandmgmt.com/,5.0,88,restoration company,,,0,0,,,none,restoration company,2026-08-28 20:42:20
1071,ChIJU-X7zLpu_yQRnyUA3TdX0nQ,Blue Collar Restoration,,Trenton,Levy,,+1386-433-3522,http://bluecollarrest.com/,5.0,52,water damage restoration,,,1,0,,,none,water damage restoration,2026-08-28 20:42:20
1072,ChIJiRP8DTa36IgRBPD5Xeoc-fM,"RWPC, Inc.","2603 NW 74th Pl, Gainesville, FL 32653",GAINESVILLE,Alachua,,+1352-554-5898,http://www.rwpcinc.com/,5.0,13,restoration company,,,0,0,,,none,restoration company,2026-08-28 20:42:20
1073,ChIJPZKjAv_VNGAR2pVo0xZn3cI,Southern Moose Restorations,,Lake Butler,Bradford,,,http://www.southern-moose.com/,5.0,12,restoration company,,,1,0,,,none,restoration company,2026-08-28 20:42:20
1074,ChIJ8Y3XR-u92ioRFTdjz5SZfCY,1 Call Restoration,,Green Cove Springs,Clay,,+1904-439-9934,https://1-call-restoration.com/,5.0,8,disaster restoration company,,,1,0,,,none,disaster restoration company,2026-08-28 20:42:20
1075,ChIJkWpXMENucAgR1t7dz-mj_Rs,US Specialist,,Newberry,Alachua,,+1352-234-8454,https://usrestorationspec.com/,5.0,4,fire and water damage restoration,,,0,0,,,none,fire and water damage restoration,2026-08-28 20:42:20
1076,ChIJQWkPQsxT74gRxjwfowOXBPo,You Dig It LLC,"15073 SW 150th Loop, Lake Butler, FL 32054",LAKE BUTLER,Bradford,,+1904-966-2545,https://www.facebook.com/share/16M4ksLgvE/,5.0,4,disaster restoration company,,,0,0,,,none,disaster restoration company,2026-08-28 20:42:20
1077,ChIJ07T_TVtT74gRBPE55BX0Kf0,Pro Dryer Vent Cleaning Of Florida,"255 N Lake Ave, Lake Butler, FL 32054",LAKE BUTLER,Bradford,,+1386-465-2474,https://prodryerventcleaningofflorida.site/,5.0,17,disaster restoration company,,,0,0,,,none,disaster restoration company,2026-08-28 20:42:20
1078,ChIJN-sCdW9S74gRRFWqBzpnZfE,Clyatt Well Drilling Inc,"5941 SW State Road 121, Lake Butler, FL 32054",LAKE BUTLER,Bradford,,+1386-496-2488,,4.8,39,disaster restoration company,,,0,0,,,none,disaster restoration company,2026-08-28 20:42:20
1079,ChIJS1LJdpfAwogRG_vacM1qX2Y,Mold Inspection & Testing Tampa,,Old Town,Dixie,,+1813-358-4768,http://moldinspectionandtest.com/tampa-fl/,4.8,98,"mold assessment,mold inspection",,,0,0,,,none,"mold assessment,mold inspection",2026-08-28 20:42:35
1080,ChIJfb4tG3i4bqYRi2yVqCdBpOM,FL Home Inspection and Mold Assessments,,Holt,Okaloosa,,+1727-767-9145,https://flhomeinspectionandmoldassessments.com/,5.0,20,"mold assessment,mold inspection,mold testing",,,0,0,,,none,"mold assessment,mold inspection,mold testing",2026-08-28 20:42:35
1081,ChIJu8JzAhHRpgMR-SaXrwEKCLw,Air Quality Experts - Mold Inspection & Testing,,Keystone Heights,Clay,,+1561-298-9431,https://www.aqecorporation.com/,5.0,158,mold assessment,,,0,0,,,none,mold assessment,2026-08-28 20:42:35
1082,ChIJ3w-gWZQO5ogRd9T4qoFWNhg,Lake Area Home Inspections,"5661 Silver Sands Cir, Keystone Heights, FL 32656",KEYSTONE HEIGHTS,Clay,,+1386-336-1421,,1.8,5,mold inspection,,,0,0,,,none,mold inspection,2026-08-28 20:42:35
1083,ChIJJ29rvKfn5YgRcIqVno-4K0I,RICHMARK Home Inspections,"4015 Hall and Boree Rd, Middleburg, FL 32068",MIDDLEBURG,Clay,,+1904-868-1091,https://richmarkhomeinspections.com/,5.0,45,mold inspection,,,0,0,,,none,mold inspection,2026-08-28 20:42:35
1084,ChIJU96P2ZkM5ogRruiDEsuTA3I,Northway's Contracting & Roofing,"4410 Station Fwy, Keystone Heights, FL 32656",KEYSTONE HEIGHTS,Clay,,+1904-910-5960,,5.0,21,restoration company,,,0,0,,,none,restoration company,2026-08-28 20:42:35
1085,ChIJybyZU6Q44q4R4_lMRDBSMCY,Tiling Florida LLC,"125 E Walker Dr, Keystone Heights, FL 32656",KEYSTONE HEIGHTS,Clay,,+1904-290-4007,http://tilingflorida.com/,5.0,6,restoration company,,,0,0,,,none,restoration company,2026-08-28 20:42:35
1086,ChIJayBiQ44F5ogRcFxuadeiavE,American Gutter Inc,"322 FL-100 A, Keystone Heights, FL 32656",KEYSTONE HEIGHTS,Clay,,+1352-473-8411,http://www.americangutterinc.com/,4.9,177,restoration company,,,0,0,,,none,restoration company,2026-08-28 20:42:35
1087,ChIJL9zEyPwP5ogRXhTBd61uFWk,AMAZING Drywall Inc.,"195 Satsuma St, Keystone Heights, FL 32656",KEYSTONE HEIGHTS,Clay,,+1352-478-1708,,4.0,16,restoration company,,,0,0,,,none,restoration company,2026-08-28 20:42:35
1088,ChIJeUDz2Jga5ogRgrzGOTCs_tc,Whitton Roofing Company,"275 Fox Run Rd, Keystone Heights, FL 32656",KEYSTONE HEIGHTS,Clay,,+1352-473-8962,https://whittonroofingco.com/,4.3,19,restoration company,,,0,0,,,none,restoration company,2026-08-28 20:42:35
1089,ChIJLf36CfBkZyIRxZAPowdymLo,Legendary Home Improvements LLC,"FL-100, Keystone Heights, FL 32656",KEYSTONE HEIGHTS,Clay,,+1352-665-6544,,5.0,5,restoration company,,,0,0,,,none,restoration company,2026-08-28 20:42:35
1090,ChIJR8nLkgSn6IgREG0i2V7OYF4,lavek customs,"6299 Dennison Ave, Keystone Heights, FL 32656",KEYSTONE HEIGHTS,Clay,,+1352-616-2040,https://www.instagram.com/lavek_customs/,5.0,5,restoration company,,,0,0,,,none,restoration company,2026-08-28 20:42:35
1091,ChIJoXrfYDUO5ogR239pd5baCCs,Lake Area Heating and Air,"260 Commercial Cir, Keystone Heights, FL 32656",KEYSTONE HEIGHTS,Clay,,+1352-473-9595,https://www.lakeareahvac.net/,4.9,214,restoration company,,,1,0,,,none,restoration company,2026-08-28 20:42:35
1092,ChIJpS60CuyBt4cR6gnqkJBFS4Y,Team Lilly's Classic Cars,"3863 State Rd 21, Keystone Heights, FL 32656",KEYSTONE HEIGHTS,Clay,,+1904-966-2575,,4.5,2,restoration company,,,0,0,,,none,restoration company,2026-08-28 20:42:35
1093,ChIJFy0lDBkP5ogRGbbTPYJx-Bg,Keystone HVAC,"625 SE Lakeview Dr, Keystone Heights, FL 32656",KEYSTONE HEIGHTS,Clay,,,https://www.keystonehvac.services/,5.0,142,restoration company,,,0,0,,,none,restoration company,2026-08-28 20:42:35
1094,ChIJAZQ4qucF5ogR8yAr0Ba60-w,Keystone Plumbing Inc.,"2473 FL-100, Starke, FL 32091",STARKE,Bradford,,+1352-792-4426,http://www.keystoneplumbinginc.com/,4.9,314,restoration company,,,0,0,,,none,restoration company,2026-08-28 20:42:35
1095,ChIJCZeziXNFdaER5jToraRHHbw,"Air Innovations, LLC","7373 State Rd 21 Suite B, Keystone Heights, FL 32656",KEYSTONE HEIGHTS,Clay,,+1904-596-0555,https://airinnovationsfl.com/?utm_source=gbp&utm_medium=organic&utm_campaign=website&utm_content=website_button,5.0,235,restoration company,,,1,0,,,none,restoration company,2026-08-28 20:42:35
1096,ChIJEQq7YIIP5ogRoS01dqSB7TI,Compassionate Mechanics LLC.,"6565 Woodland Dr, Keystone Heights, FL 32656",KEYSTONE HEIGHTS,Clay,,+1904-769-2273,http://www.compassionatemechanic.com/,4.5,61,restoration company,,,0,0,,,none,restoration company,2026-08-28 20:42:35
1097,ChIJ5Ykt9SqR5ogRT26D6wflYdI,TJJ CONTRACTORS LLC.,"Keystone Heights, FL 32656",KEYSTONE HEIGHTS,Clay,,+1386-319-0488,,2.5,2,restoration company,,,0,0,,,none,restoration company,2026-08-28 20:42:35
1098,ChIJ__D1f1WU6IgRirqW6l12bAA,"HR Chimney Inspection & Chimney Cleaning Services , FL","13615 FL-45, Archer, FL 32618",ARCHER,Alachua,,+1352-654-1646,,1.6,20,"mold assessment,mold inspection,mold remediation,mold testing",,,0,0,,,none,"mold assessment,mold inspection,mold remediation,mold testing",2026-08-29 04:19:16
1099,ChIJrUxR9KW96IgRYZh_bfjfxy8,ACME Asbestos Abatement and Remediation Services,"9150 SW 49th Pl Ste A, Gainesville, FL 32608",GAINESVILLE,Alachua,,+1352-222-2603,https://acmeasbestosabatement.com/,4.5,8,"mold remediation,mold testing",,,1,0,,,none,"mold remediation,mold testing",2026-08-29 04:19:16
1100,ChIJGTDlA03V54gRw0YRD1RDzw8,North Florida Mold Remediators,"217 SE 1st Ave Ste 200-73, Ocala, FL 34471",OCALA,Marion,,+1855-532-6653,http://www.nflmold.com/,4.8,42,"mold remediation,mold testing",,,0,0,,,none,"mold remediation,mold testing",2026-08-29 04:19:16
1101,ChIJCZ1FTxS96IgRo7PlPBxomnA,"Water & Air Research, Inc.","6821 SW Archer Rd, Gainesville, FL 32608",GAINESVILLE,Alachua,,+1352-372-1500,http://www.waterandair.com/,4.8,6,mold assessment,,,0,0,,,none,mold assessment,2026-08-29 04:19:16
1102,ChIJG-lmI8S96IgR5V6z71DcN2c,Edward Hoffmann Mold Assessment,,Archer,Alachua,,+1352-338-9238,,,,mold assessment,,,0,0,,,none,mold assessment,2026-08-29 04:19:16
1103,ChIJDwNm-zzB6IgRXfCWggckkiY,Allegiance Home Inspections,"25681 SW 22nd Pl, Newberry, FL 32669",NEWBERRY,Alachua,,+1352-474-1019,https://www.allegiancehomeinspectionsfl.com/,5.0,75,"mold assessment,mold inspection,mold testing",,,0,0,,,none,"mold assessment,mold inspection,mold testing",2026-08-29 04:19:16
1104,ChIJaZF5zNFsGSkR5ZJxxpKrgdE,Complete Home Inspections Plus,"13778 SW 173rd Ct, Archer, FL 32618",ARCHER,Alachua,,+1352-318-7900,https://completehomeinspectionsplus.com/,5.0,292,mold inspection,,,0,0,,,none,mold inspection,2026-08-29 04:19:16
1105,ChIJK_VHcDLV54gRLZAbTEZIpX0,"WATER damage restoration service, FOUNDATION INC","1847 SW 1st Ave, Ocala, FL 34471",OCALA,Marion,,+1866-332-1386,https://californiawaterdamage.online/,5.0,1,"disaster restoration company,fire and water damage restoration,restoration company,water damage restoration",,,1,0,,,none,"disaster restoration company,fire and water damage restoration,restoration company,water damage restoration",2026-08-29 04:19:16
1106,ChIJK_ggiKR_6IgRY4UIWc08JvY,United Water Restoration Group of Ocala,"3288 SW 74th Ave #101, Ocala, FL 34474",OCALA,Marion,,+1352-507-4302,https://unitedwaterrestoration.com/us/florida/ocala,4.9,160,"disaster restoration company,fire and water damage restoration,mold remediation,restoration company,water damage restoration",,,1,0,,,none,"disaster restoration company,fire and water damage restoration,mold remediation,restoration company,water damage restoration",2026-08-29 04:19:16
1107,ChIJMzhBz3-j6IgR9TVNT6txDhU,Elemental Crew,"901 NW 8th Ave Suite B9, Gainesville, FL 32601",GAINESVILLE,Alachua,,+1352-565-3503,https://elementalcrew.shop/,,,"disaster restoration company,water damage restoration",,,0,0,,,none,"disaster restoration company,water damage restoration",2026-08-29 04:19:16
1108,ChIJdX9nJ1P5JWgR5Hv5Nt3_Jds,A+ BioRecovery,,Newberry,Alachua,,+1888-277-6723,https://aplusbiorecovery.com/,5.0,9,"disaster restoration company,restoration company",,,0,0,,,none,"disaster restoration company,restoration company",2026-08-29 04:19:16
1109,ChIJIxD0fN2V6IgRbjMJ_ADmNcs,352 Renovations,"16727 SW 135th Ave, Archer, FL 32618",ARCHER,Alachua,,+1352-316-9906,https://352renovations.com/,4.7,9,restoration company,,,1,0,,,none,restoration company,2026-08-29 04:19:17
1110,ChIJy-NFGgKV6IgR8d1uVcqYVrE,R E Arnold Construction Inc,"17210 SW Archer Rd, Archer, FL 32618",ARCHER,Alachua,,+1352-495-9494,https://www.reaci.com/,4.1,14,"disaster restoration company,restoration company",,,0,0,,,none,"disaster restoration company,restoration company",2026-08-29 04:19:17
1111,ChIJqV3ILnq96IgRgM8khvOSTos,CROM (Services Facility),"6801 SW Archer Rd, Gainesville, FL 32608",GAINESVILLE,Alachua,,+1352-372-3436,http://www.cromcorp.com/,5.0,9,"disaster restoration company,restoration company",,,0,0,,,none,"disaster restoration company,restoration company",2026-08-29 04:19:17
1112,ChIJq6r6t5W76IgRyqUGnKmgrao,Gainesville Turnover Specialists,"6933 NW 4th Blvd, Gainesville, FL 32607",GAINESVILLE,Alachua,,+1352-363-6622,https://yourgts.com/?utm_source=gmb&utm_medium=referral,4.9,179,restoration company,,,0,0,,,none,restoration company,2026-08-29 04:19:17
1113,ChIJ8_N0woyj6IgRCWecYXWM60s,SkyFrog Tree Service,"6115 SW 137th Ave, Archer, FL 32618",ARCHER,Alachua,,+1352-727-4330,https://www.skyfrogtreeservice.com/?utm_source=GoogleMyBusiness&utm_medium=organic&utm_campaign=GMB,4.6,120,restoration company,,,0,0,,,none,restoration company,2026-08-29 04:19:17
1114,ChIJ1xnUJbm9a2ER6oENTy5oG5s,Carrigan Construction & Remodeling LLC,,Archer,Alachua,,+1352-672-1606,https://carriganconstruction.com/?utm_source=google&utm_medium=organic&utm_campaign=gbp-listing,5.0,30,restoration company,,,0,0,,,none,restoration company,2026-08-29 04:19:17
1115,ChIJb5F0kwmj6IgRjTiSTTZxjWc,Ice Shine Mobile Detailing,"SW Archer Rd, Gainesville, FL 32608",GAINESVILLE,Alachua,,+1850-896-8399,https://www.iceshinefl.com/,5.0,52,restoration company,,,0,0,,,none,restoration company,2026-08-29 04:19:17
1116,ChIJR9N9wyO96IgRozic_c7-Njg,Citron Clean,,Archer,Alachua,,+1352-359-0671,http://www.citronclean.com/,4.7,14,restoration company,,,0,0,,,none,restoration company,2026-08-29 04:19:17
1117,ChIJLaiuNASdW04RmjSUq9AJsl8,Gainesville Florida pavers,"16376 SW 134th Ave, Archer, FL 32618",ARCHER,Alachua,,+1352-246-9658,https://gainesvilleflpavers.com/,5.0,159,restoration company,,,0,0,,,none,restoration company,2026-08-29 04:19:17
1118,ChIJq8uwUbrU54gR9iTf8uIQAmM,OneRestore,"1540 SW 5th Ave, Ocala, FL 34471",OCALA,Marion,,+1352-390-6549,http://www.onerestore.com/,4.7,118,"disaster restoration company,fire and water damage restoration,mold testing,restoration company,water damage restoration",,,0,1,MRSA3763,"FARRELL , MIKE II",high,"disaster restoration company,fire and water damage restoration,mold testing,restoration company,water damage restoration",2026-08-29 04:19:17
1119,ChIJpwFdh_-U6IgR8OTP-MznNZ4,Kempton & Self Plumbing Services,"13415 FL-45, Archer, FL 32618",ARCHER,Alachua,,+1352-378-1812,https://kemptonselfplumbinginc.com/,4.8,248,disaster restoration company,,,0,0,,,none,disaster restoration company,2026-08-29 04:19:17
1120,ChIJO-3xCDm7h4wR9HSJCSQw5PA,"Fast Lane Plumbing, Archer, FL",,Archer,Alachua,,+1352-486-9041,,5.0,2,disaster restoration company,,,0,0,,,none,disaster restoration company,2026-08-29 04:19:17
1121,ChIJHYXeNjgBw2wRPZDdgbEMqXI,Moonshine Gutter and Drain Inc,"12530 NE 130th Ave, Archer, FL 32618",ARCHER,Alachua,,+1352-359-3175,http://moonshinegutter.com/,5.0,10,disaster restoration company,,,0,0,,,none,disaster restoration company,2026-08-29 04:19:17
1122,ChIJ-wcr8v-U6IgRsXzp4HmchVE,Archer Automotive & Transmission Repair,"15901 SW Archer Rd, Archer, FL 32618",ARCHER,Alachua,,+1352-495-2485,http://archerautomotiverepair.net/,4.7,257,disaster restoration company,,,0,0,,,none,disaster restoration company,2026-08-29 04:19:17
1123,ChIJgZfGi_eV6IgRLrEVBg1sGvA,"Archer Pump Service, Inc","13428 SW 89th Ave, Archer, FL 32618",ARCHER,Alachua,,+1352-495-2024,http://archerpump.com/,4.9,24,disaster restoration company,,,0,0,,,none,disaster restoration company,2026-08-29 04:19:17
1124,ChIJMQzi4Z-76IgRSne9HeWZNUs,Pinnacle Carpet Cleaning & Restoration Solutions,"24331 W U.S. Hwy 27, High Springs, FL 32643",HIGH SPRINGS,Alachua,,+1352-448-8043,https://pinnaclerestorations.com/,5.0,193,water damage restoration,,,1,0,,,none,water damage restoration,2026-08-29 04:19:30
1125,ChIJn6vKKLvJ6IgR7qBIpkpE0bE,"ONCT Pest Control Services and Dryer Vent & Air Duct Cleaning Services LLC Of FL ,","235 NE 2nd St, High Springs, FL 32643",HIGH SPRINGS,Alachua,,+1386-244-2498,,4.1,10,"mold inspection,mold remediation,mold testing,restoration company",,,0,0,,,none,"mold inspection,mold remediation,mold testing,restoration company",2026-08-29 04:19:30
1126,ChIJFSfLuEzJ6IgRjhD4SdXEez0,Down Home Inspections,"18731 NW US Hwy 441, High Springs, FL 32643",HIGH SPRINGS,Alachua,,+1352-514-1925,http://dhinspectionsfl.com/,5.0,347,mold inspection,,,0,0,,,none,mold inspection,2026-08-29 04:19:30
1127,ChIJAZIhxvMSEioR55MJqs5vHvA,DEVIL DOG MOLD ASSESSORS LLC,,Cedar Key,Levy,,+1813-727-4563,https://devildogmoldassessors.com/,5.0,44,"mold assessment,mold inspection,mold testing",,,0,0,,,none,"mold assessment,mold inspection,mold testing",2026-08-29 04:19:30
1128,ChIJr3C1Gvq46IgRSv34x3Mmzhw,Gainesville Home Inspection Group,"17421 NW 62nd Ave, Alachua, FL 32615",ALACHUA,Alachua,,+1352-226-0456,https://www.homeinspectiongroupllc.com/?utm_source=gmb&utm_medium=referral,4.9,51,mold inspection,,,0,0,,,none,mold inspection,2026-08-29 04:19:31
1129,ChIJhXdsqe2_6IgRiMpRHwfElaw,Worthmann Roofing and Gutters,"17810 NW US Hwy 441, High Springs, FL 32643",HIGH SPRINGS,Alachua,,+1352-776-9016,https://www.worthmannroofing.com/?utm_source=GBP&utm_medium=Organic&utm_campaign=Worthmann_Roofing_and_Gutters_High_Springs,4.8,701,"disaster restoration company,mold inspection,restoration company",,,0,0,,,none,"disaster restoration company,mold inspection,restoration company",2026-08-29 04:19:31
1130,ChIJa-1wFF_6K4kRPtTw4iP_Z5I,American Pro Water Damage & Restoration,,Cedar Key,Levy,,+1813-575-0530,https://www.americanprowaterrestorations.com/,5.0,16,"fire and water damage restoration,water damage restoration",,,1,0,,,none,"fire and water damage restoration,water damage restoration",2026-08-29 04:19:31
1131,ChIJYy3JBgwVAHwRZ7NND0FjRGY,A.O.K Home Maintenance LLC,"20202 US-441, High Springs, FL 32643",HIGH SPRINGS,Alachua,,+1808-763-7231,http://www.aok-home.com/,5.0,33,restoration company,,,0,0,,,none,restoration company,2026-08-29 04:19:31
1132,ChIJS6j3tabJ6IgRrQ7rZjvlgiI,"MRP Air Duct & Dryer Vent Cleaning And Chimney Repair Services Inc Of FL ,","430 NW 2nd Ave, High Springs, FL 32643",HIGH SPRINGS,Alachua,,+1386-244-1631,,4.4,11,"disaster restoration company,restoration company",,,0,0,,,none,"disaster restoration company,restoration company",2026-08-29 04:19:31
1133,ChIJk4XLuAXJ6IgRgX3cxVcSVbU,"R911, LLC.","18420 High Springs Main St Ste 911, High Springs, FL 32643",HIGH SPRINGS,Alachua,,+1239-520-7169,http://myr911.com/,,,"disaster restoration company,restoration company",,,0,0,,,none,"disaster restoration company,restoration company",2026-08-29 04:19:31
1134,ChIJfRSXFVHG6IgR6qKoGwql3u4,"High Springs Leather, Inc","High Springs, FL 32655",HIGH SPRINGS,Alachua,,+1352-474-8675,http://www.highspringsleather.com/,4.3,12,restoration company,,,0,0,,,none,restoration company,2026-08-29 04:19:31
1135,ChIJV8jXthbJ6IgRSRB__tiQO3o,"Stable Foundation Solutions, Inc.","7722 US-27, Fort White, FL 32038",FORT WHITE,Columbia,,+1833-982-0311,https://stablefoundationsinc.com/high-springs/?utm_source=GoogleMyBusiness&utm_medium=organic&utm_campaign=GMB,4.8,33,restoration company,,,1,0,,,none,restoration company,2026-08-29 04:19:31
1136,ChIJMYk3QdfJ6IgRfxPc6p6iRX4,"Cantrell’s Construction, Inc.","26369 NW 160th Pl, High Springs, FL 32643",HIGH SPRINGS,Alachua,,+1352-213-7658,https://cantrellsconstruction.com/,3.3,10,restoration company,,,0,0,,,none,restoration company,2026-08-29 04:19:31
1137,ChIJr2-DKIjL6IgRB6HJA6wpDlQ,Sunshine Elevator Solutions LLC,"377 SE Downing Dr, High Springs, FL 32643",HIGH SPRINGS,Alachua,,+1786-287-8835,http://www.sunshineelevatorsolutions.com/,5.0,4,restoration company,,,0,0,,,none,restoration company,2026-08-29 04:19:31
1138,ChIJ1WY2QKPI6IgRLeUEw83f10E,Sheffield's Inc -Water Well Services,"NW 130th Ave, High Springs, FL 32643",HIGH SPRINGS,Alachua,,+1386-454-9355,http://www.sheffields-inc.com/,4.9,89,restoration company,,,0,0,,,none,restoration company,2026-08-29 04:19:31
1139,ChIJj13ederM6IgRm3bPS1Fmy_I,"Air America Heating & Cooling, Inc.","18564 NW 238th St, High Springs, FL 32643",HIGH SPRINGS,Alachua,,+1386-454-0859,http://coolairamerica.com/,4.9,668,restoration company,,,1,0,,,none,restoration company,2026-08-29 04:19:31
1140,ChIJU5VNbakuU48RRhyDN-zZH_A,Eagle Restoration of Marion County,"2501 SW 57th Ave Unit 206, Ocala, FL 34474",OCALA,Marion,,+1352-496-7949,https://eaglerestorationfl.com/,5.0,87,"fire and water damage restoration,mold remediation,water damage restoration",,,1,1,MRSR5334,"SHERMAN, JENNIFER",high,"fire and water damage restoration,mold remediation,water damage restoration",2026-08-29 04:19:46
1141,ChIJvYDvp9rV54gRQs3qSXd1-pU,All Pride Environmental,"217 SE 1st Ave Ste 200-73, Ocala, FL 34471",OCALA,Marion,,+1855-532-6653,http://www.allpriderestoration.com/,5.0,30,"mold assessment,mold inspection,mold remediation,mold testing",,,0,0,,,none,"mold assessment,mold inspection,mold remediation,mold testing",2026-08-29 04:19:46
1142,ChIJBezUAC_V54gRs4nNA7nP7-w,SERVPRO of Ocala,"3407 SW 7th St, Ocala, FL 34474",OCALA,Marion,,+1352-745-3049,https://www.servpro.com/locations/fl/servpro-of-ocala?utm_medium=organic&utm_source=gbp,4.7,190,"fire and water damage restoration,mold assessment,mold inspection,mold remediation,mold testing,water damage restoration",,,1,0,,,none,"fire and water damage restoration,mold assessment,mold inspection,mold remediation,mold testing,water damage restoration",2026-08-29 04:19:46
1143,ChIJ6ZqW4YEyKIwRmJneuZsOxgo,SafeHome Air Solutions,,Williston,Levy,,+1352-538-4420,https://safehomeairsolutions.com/,4.9,22,"mold assessment,mold inspection,mold remediation,mold testing",,,0,0,,,none,"mold assessment,mold inspection,mold remediation,mold testing",2026-08-29 04:19:46
1144,ChIJXQVHtbIg5ogRCaPxL798zF4,DGS Constr Svc LLC HM Inspect,"4690 NW 219th Street Rd, Micanopy, FL 32667",MICANOPY,Alachua,,+1352-414-8693,,5.0,1,mold inspection,,,0,0,,,none,mold inspection,2026-08-29 04:19:46
1145,ChIJqRqDaSXV54gRL9D6CKjERXQ,Rytech,"3101 SW 34th Ave S905-175, Ocala, FL 34474",OCALA,Marion,,+1352-559-8224,https://gainesville-ocala-fl.rytechinc.com/,4.8,60,"fire and water damage restoration,mold remediation,mold testing,water damage restoration",,,0,0,,,none,"fire and water damage restoration,mold remediation,mold testing,water damage restoration",2026-08-29 04:19:46
1146,ChIJdU6sqcO0K2MRvpXdhv2pWkk,Chisel Restoration LLC,"217 SE 1st Ave Ste 200-45, Ocala, FL 34471",OCALA,Marion,,+1352-707-2017,https://www.chiselrestoration.com/?utm_campaign=gmb,5.0,47,"disaster restoration company,restoration company,water damage restoration",,,1,0,,,none,"disaster restoration company,restoration company,water damage restoration",2026-08-29 04:19:46
1147,ChIJi4F_4X_cZCkRfHEpLFcKymY,PUDDLES Restoration,"217 SE 1st Ave, Ocala, FL 34471",OCALA,Marion,,+1352-722-3790,https://www.puddlesrestoration.com/,5.0,287,"disaster restoration company,fire and water damage restoration,mold remediation,mold testing,restoration company,water damage restoration",,,1,0,,,none,"disaster restoration company,fire and water damage restoration,mold remediation,mold testing,restoration company,water damage restoration",2026-08-29 04:19:46
1148,ChIJ3dBakvWd6IgR2D0GKrCkgsA,Gator Country Services Llc,"5820 NW 219th Street Rd, Micanopy, FL 32667",MICANOPY,Alachua,,+1352-304-9847,,5.0,1,restoration company,,,0,0,,,none,restoration company,2026-08-29 04:19:46
1149,ChIJ__NqHisp2YgRUCTigbJIti8,Apex Demolition Services LLC,"10219 NW 200th Street Rd, Micanopy, FL 32667",MICANOPY,Alachua,,+1561-584-1798,,5.0,1,restoration company,,,0,0,,,none,restoration company,2026-08-29 04:19:46
1150,ChIJXT-bM05nmUYRWIVbIOpTxbY,Brehm Roofing & Restoration,"1344 NW 121st Way, Gainesville, FL 32606",GAINESVILLE,Alachua,,+1352-664-8585,https://brehmroofing.com/,5.0,365,disaster restoration company,,,1,0,,,none,disaster restoration company,2026-08-29 04:19:46
1151,ChIJAQAAANDT54gRwy-y92n-3mY,A Accredited Restorations,,Williston,Levy,,+1352-598-6007,https://www.aaccreditedrestorations.com/,4.8,21,"disaster restoration company,restoration company",,,1,0,,,none,"disaster restoration company,restoration company",2026-08-29 04:19:46
1152,ChIJAWLwucsr5ogR-6AWNV2MI04,Restoration Specialists Ocala,"244 NW 9th St, Ocala, FL 34475",OCALA,Marion,,+1352-732-2322,https://www.restorationspecialists.com/,3.4,14,"disaster restoration company,restoration company",,,1,1,MRSA1826,"EHRLUND, ERIC BRUNO",high,"disaster restoration company,restoration company",2026-08-29 04:19:46
1153,ChIJ0TCuP5666IgRji7jb_W3rV4,"Temp Control Services, LLC","11226 US-441, Micanopy, FL 32667",MICANOPY,Alachua,,+1844-500-8367,http://tempcontrolservices.com/,5.0,360,restoration company,,,0,0,,,none,restoration company,2026-08-29 04:19:46
1154,ChIJCx_vAjNdF00RlsMXOioabdY,Berger Restoration,,Fort White,Columbia,,+1352-640-3109,https://bergerrestoration.com/,4.9,22,disaster restoration company,,,1,0,,,none,disaster restoration company,2026-08-29 04:19:46
1155,ChIJdUwlis666IgRV2kQ5NxaPpI,"HouseMaster serving Gainesville, Lake City, and Cedar Key",,Cedar Key,Levy,,+1352-472-5552,https://housemaster.com/gainesville-home-inspection?cid=LSTL_HMS000370&utm_source=gmb&utm_campaign=local&utm_medium=organic,5.0,544,mold inspection,,,0,0,,,none,mold inspection,2026-08-29 04:20:14
1156,ChIJExTqCJi_6IgRQQ7KBy5DN_c,Quality Services The King LLC,"136 SW 145th Dr, Newberry, FL 32669",NEWBERRY,Alachua,,+1352-281-9137,https://www.facebook.com/share/1BFWrDq1HZ/?mibextid=wwXIfr,5.0,32,disaster restoration company,,,0,0,,,none,disaster restoration company,2026-08-29 04:20:15
1157,ChIJnUh4JE6k6IgRlo31WRRqF_c,Remodeling,"4607 NW 6th St, Gainesville, FL 32609",GAINESVILLE,Alachua,,+1352-372-1221,https://gainesvillerestoration.com/,3.8,49,disaster restoration company,,,0,0,,,none,disaster restoration company,2026-08-29 04:20:15
1158,ChIJ6Y6mef2NkogRdYD9WfdHBpo,PuroClean of Santa Rosa Beach,"533 Forest Shore Dr, Miramar Beach, FL 32550",MIRAMAR BEACH,Walton,,+1850-399-3380,https://www.puroclean.com/santa-rosa-beach-al?utm_source=gbp&utm_medium=bio&utm_campaign=bio&utm_id=gbp&utm_term=bio&utm_content=bio,5.0,45,"fire and water damage restoration,water damage restoration",,,1,0,,,none,"fire and water damage restoration,water damage restoration",2026-08-29 04:20:33
1159,ChIJJTpq_u7vk4gRdzb6SO6RKVA,Serclean - Santa Rosa Beach,"5311 E County Hwy 30A Unit 23, Santa Rosa Beach, FL 32459",SANTA ROSA BEACH,Walton,,+1850-420-3124,http://serclean.com/water-damage-repair-santa-rosa-beach-fl/,5.0,6,mold testing,,,0,0,,,none,mold testing,2026-08-29 04:20:33
1160,ChIJT5qsU49DkYgR3Yuyb5Ylhyk,D'Pure,"55 Gordonia Wy a100, Santa Rosa Beach, FL 32459",SANTA ROSA BEACH,Walton,,+1800-693-4102,https://www.dpure1.com/,5.0,14,"mold assessment,mold inspection,mold remediation,mold testing,water damage restoration",,,0,0,,,none,"mold assessment,mold inspection,mold remediation,mold testing,water damage restoration",2026-08-29 04:20:33
1161,ChIJ_cr2IOtekYgRgxOVDKOGmDw,Ready Restoration,"103 Mussett Bayou Rd, Santa Rosa Beach, FL 32459",SANTA ROSA BEACH,Walton,,+1850-588-3473,https://readyrestoration.com/?utm_campaign=gmb,5.0,8,water damage restoration,,,1,0,,,none,water damage restoration,2026-08-29 04:20:33
1162,ChIJv5qZZntfkYgRXA2r8KRAoHE,"South Walton Carpet Restoration & Total Cleaning Service, LLC","151 W Hodge Rd, Santa Rosa Beach, FL 32459",SANTA ROSA BEACH,Walton,,+1850-835-3334,http://swrestorationfl.com/,5.0,4,"fire and water damage restoration,mold remediation,restoration company,water damage restoration",,,1,0,,,none,"fire and water damage restoration,mold remediation,restoration company,water damage restoration",2026-08-29 04:20:34
1163,ChIJOZ0eLIFckYgRHl1Oab0EUsw,"Destin Mold Removal, LLC",,Destin,Okaloosa,,+1850-543-3458,,4.3,3,"mold assessment,mold testing",,,0,0,,,none,"mold assessment,mold testing",2026-08-29 04:20:34
1164,ChIJ89N26VXzk4gRzKTW-J5cI9Q,HomeTeam of Central Panhandle,,Inlet Beach,Bay,,+1850-378-4166,http://www.hometeam.com/central-pan-handle,5.0,355,mold inspection,,,0,0,,,none,mold inspection,2026-08-29 04:20:34
1165,ChIJIU2xeP-Pk4gRc_D6qWlrsYk,Panama City Beach Home Inspections LLC,"Thomas Dr, Panama City Beach, FL 32407",PANAMA CITY BEACH,Bay,,+1850-866-8884,http://www.pcbhomeinspectionsllc.com/,4.8,23,mold testing,,,0,0,,,none,mold testing,2026-08-29 04:20:34
1166,ChIJzUxxMn7tk4gRO3EqH1RQMPo,Mold Inspection Panama City,,Inlet Beach,Bay,,+1850-480-7044,http://www.expressmoldtest.com/,,,mold inspection,,,0,0,,,none,mold inspection,2026-08-29 04:20:34
1167,ChIJdblu_Y_nk4gRlMiAXgcsjnA,All Clear Restoration & Remediation,"188 Ramsey Br Rd Unit A101, Freeport, FL 32439",FREEPORT,Walton,,+1850-900-1943,https://www.allclearrestoration.com/?utm_campaign=gmb,,,water damage restoration,,,1,0,,,none,water damage restoration,2026-08-29 04:20:34
1168,ChIJwbupkqKDk4gRZuKy0G409X0,Callaway Water Damage Restoration Experts,"1678 Caleigh Ct, Lynn Haven, FL 32444",LYNN HAVEN,Bay,,,https://naobk.com/,5.0,5,water damage restoration,,,1,0,,,none,water damage restoration,2026-08-29 04:20:34
1169,ChIJ07RdHlVZkYgRzK4tJiYh3ao,ServiceMaster Fire and Water Recovery by Fields,,Holt,Okaloosa,,+1850-387-2823,https://www.servicemasterrestore.com/servicemaster-fire-and-water-recovery-by-fields/?utm_source=GMB&utm_medium=organic&utm_campaign=MiramarBeach,4.7,15,"fire and water damage restoration,water damage restoration",,,1,0,,,none,"fire and water damage restoration,water damage restoration",2026-08-29 04:20:34
1170,ChIJPQSXQ69hbikRwuYazCnMVYY,The Maintenance Men LLC,"137 Downing St, Panama City Beach, FL 32413",PANAMA CITY BEACH,Bay,,+1850-704-7022,,5.0,12,disaster restoration company,,,0,0,,,none,disaster restoration company,2026-08-29 04:20:34
1171,ChIJIxzpBPKCk4gRupBzbgb8-ec,SouthernCAT Inc.,,Youngstown,Bay,,+1866-303-3461,https://southerncatusa.com/,4.5,28,restoration company,,,0,0,,,none,restoration company,2026-08-29 04:20:34
1172,ChIJA6qIy2zUqYERgC4Z0M2_5k8,5 Star Restoration of Houston,,Holt,Okaloosa,,+1832-743-2870,http://fivestarresto.com/houston,5.0,595,"fire and water damage restoration,water damage restoration",,,1,0,,,none,"fire and water damage restoration,water damage restoration",2026-08-29 04:20:49
1173,ChIJyfGsiBJZkYgRImkE0jIfUdQ,"GRA Attic-Solution & Insulation's & Roofing Service Miramar Beach, FL","495 Grand Blvd #206, Miramar Beach, FL 32550",MIRAMAR BEACH,Walton,,+1239-350-2139,,5.0,10,"mold remediation,restoration company",,,1,0,,,none,"mold remediation,restoration company",2026-08-29 04:20:49
1174,ChIJt8oXdril2YgRVxqgXkQjbs8,Statewide Mold Inspection and Mold Removal,,Miramar Beach,Walton,,+1954-822-0194,,5.0,29,"mold assessment,mold inspection",,,0,0,,,none,"mold assessment,mold inspection",2026-08-29 04:20:49
1175,ChIJ56j3qdkCl00R9OTO0j1ZqBY,Ascanio's Mold Removal,,Miramar Beach,Walton,,+1786-305-6986,https://moldinspectionandmoldremoval.com/mold-specialist-miami,5.0,60,mold assessment,,,0,0,,,none,mold assessment,2026-08-29 04:20:49
1176,ChIJazS6FyhDkYgRc_1r_rJVSII,"Cole Inspection Services, Inc.",,Holt,Okaloosa,,+1850-910-1113,https://coleinspectionservices.com/,4.6,27,"mold assessment,mold testing",,,0,0,,,none,"mold assessment,mold testing",2026-08-29 04:20:49
1177,ChIJ0z-r2pGl2YgRV41Q3hzbNlo,Major League Inspections,,Miramar Beach,Walton,,+1954-909-1255,http://www.majorleagueinspections.com/,5.0,245,mold inspection,,,0,0,,,none,mold inspection,2026-08-29 04:20:49
1178,ChIJRRV2cXqn2YgRaoOcQQVeKTA,Superior Quality Home Inspection,,Miramar Beach,Walton,,+1954-801-1075,http://inspectorconsultant.com/,4.9,131,mold inspection,,,0,0,,,none,mold inspection,2026-08-29 04:20:49
1179,ChIJDYz_D4Tjk4gRQVI1tqX1DWA,30A Property Inspections,,Miramar Beach,Walton,,+1850-290-3184,http://30apropertyinspections.com/,5.0,131,mold inspection,,,0,0,,,none,mold inspection,2026-08-29 04:20:49
1180,ChIJ6UlC3AYTgQMRLfywPbC7GnY,k-9 Mold Detection NWF,,Miramar Beach,Walton,,+1850-842-1638,https://k-9molddetection.com/,,,mold inspection,,,0,0,,,none,mold inspection,2026-08-29 04:20:49
1181,ChIJG0-7mVFbkYgRxdisqFZ5rH4,Sunbelt Restoration,"80 S Geronimo St #4, Miramar Beach, FL 32550",MIRAMAR BEACH,Walton,,+1904-481-8573,https://www.sunbeltllc.com/,5.0,1,restoration company,,,1,0,,,none,restoration company,2026-08-29 04:20:49
1182,ChIJL5_5asVbkYgR3Nh2_0SKo9A,Suncoast Restoration and Waterproofing of FL,"9950 US-98, Miramar Beach, FL 32550",MIRAMAR BEACH,Walton,,+1800-650-0048,https://suncoast-group.com/,,,restoration company,,,1,0,,,none,restoration company,2026-08-29 04:20:49
1183,ChIJgSJNB3RZkYgROuQzrpT7V04,FIRST ONSITE Property Restoration,"356 Administration Dr, Miramar Beach, FL 32550",MIRAMAR BEACH,Walton,,+1850-225-5354,https://firstonsite.com/locations/united-states/fl/miramar-beach/356-administration-drive,,,"disaster restoration company,fire and water damage restoration,restoration company",,,1,0,,,none,"disaster restoration company,fire and water damage restoration,restoration company",2026-08-29 04:20:49
1184,ChIJJX9gwfVbkYgRN1SnaWBFlVg,Renovation Flooring,"11714 Emerald Coast Pkwy W, Miramar Beach, FL 32550",MIRAMAR BEACH,Walton,,+1850-460-7295,http://renovationflooring.com/,4.9,231,restoration company,,,1,0,,,none,restoration company,2026-08-29 04:20:49
1185,ChIJE0zLUsddkYgRPi3QSYtDKQs,Fibercare Restoration Inc,,Destin,Okaloosa,,+1850-272-4300,,5.0,7,"disaster restoration company,restoration company",,,1,0,,,none,"disaster restoration company,restoration company",2026-08-29 04:20:49
1186,ChIJQ51RFB6Ek4gRw7BcjA-dBp4,Daystar Cleaning & Restoration,"1814 Beck Ave, Panama City, FL 32405",PANAMA CITY,Bay,,+1850-769-0606,http://daystarcleaning.com/,4.8,348,restoration company,,,1,0,,,none,restoration company,2026-08-29 04:21:04
1187,ChIJM0UT5zuDk4gRJ1w25IAQ3qE,Reverie Construction,"7412 FL-77, Southport, FL 32409",SOUTHPORT,Bay,,+1833-325-2235,http://reverieconst.com/,4.8,18,restoration company,,,0,0,,,none,restoration company,2026-08-29 04:21:04
1188,ChIJoQEvLkSeMUgRLGiGuit6Qpo,Blackwater Cleaning & Restoration LLC,"805 W 8th St Cir, Lynn Haven, FL 32444",LYNN HAVEN,Bay,,+1850-257-6257,https://www.blackwatercleaningandrestoration.net/,5.0,9,restoration company,,,1,1,MRSR5749,"GRIER, TREVOR",high,restoration company,2026-08-29 04:21:04
1189,ChIJt37ziCCBk4gRgngjfgz-pCM,Shield Environmental Solutions,"803 Jenks Ave #21, Panama City, FL 32401",PANAMA CITY,Bay,,+1850-896-2079,,5.0,3,mold remediation,,,0,0,,,none,mold remediation,2026-08-29 04:21:04
1190,ChIJ_V2NsMCHk4gReUahlTMFhHw,Mold Inspection Services Inc.,"1703 Foster Ave, Panama City, FL 32405",PANAMA CITY,Bay,,+1855-479-6653,,4.0,1,"mold assessment,mold inspection,mold testing",,,0,0,,,none,"mold assessment,mold inspection,mold testing",2026-08-29 04:21:05
1191,ChIJ7_OjInjwdogRYbWzv45jKk0,"Avant Home Inspections, LLC","2323 Claremont Dr, Panama City, FL 32405",PANAMA CITY,Bay,,+1850-814-8177,https://avantinspect.com/,4.8,60,"mold assessment,mold inspection",,,0,0,,,none,"mold assessment,mold inspection",2026-08-29 04:21:05
1192,ChIJyazaHXB_k4gRX1LaSkJp9bw,Aim Higher Home Inspections,"844 N Tyndall Pkwy #228, Panama City, FL 32404",PANAMA CITY,Bay,,+1850-481-8052,http://www.aimhighinspections.com/,4.6,61,mold inspection,,,0,0,,,none,mold inspection,2026-08-29 04:21:05
1193,ChIJaxxcwiODk4gREtEIuA-gZGY,National Property Inspections,"303 Florida Ave, Lynn Haven, FL 32444",LYNN HAVEN,Bay,,+1850-527-2185,http://www.npiweb.com/twilliams,4.9,241,mold inspection,,,1,0,,,none,mold inspection,2026-08-29 04:21:05
1194,ChIJXesGtXeFk4gRNOjsap94xXQ,ACC Restoration,"7151 US-98, Panama City Beach, FL 32407",PANAMA CITY BEACH,Bay,,+1850-814-6233,http://www.accrestored.com/,4.6,48,restoration company,,,1,0,,,none,restoration company,2026-08-29 04:21:06
1195,ChIJbZTxUclxNgwROs65TKnZYNg,Treasure Coast Disaster Services,,Cedar Key,Levy,,+1772-263-7040,https://tcdisaster.com/,5.0,55,disaster restoration company,,,0,0,,,none,disaster restoration company,2026-08-29 04:21:06
1196,ChIJhxD4eA5ugmcR6Q2Q_c4xXPI,"Drytech Of North West FL, LLC",,Youngstown,Bay,,+1850-819-3006,http://www.cleanwithdrytech.com/,4.5,6,"mold remediation,restoration company,water damage restoration",,,0,0,,,none,"mold remediation,restoration company,water damage restoration",2026-08-29 04:21:20
1197,ChIJH4Nlw3Z3k4gRFZYlj7-8Wis,A1 Home Mainentance & Restorations LLC,"9003 Ruff Rd, Youngstown, FL 32466",YOUNGSTOWN,Bay,,+1850-628-4466,,5.0,1,restoration company,,,1,0,,,none,restoration company,2026-08-29 04:21:20
1198,ChIJRTKhYwJ3k4gRT3k2EWm-R2c,Thompson's Critical Home Repair,"8202 Eastwood Ave, Youngstown, FL 32466",YOUNGSTOWN,Bay,,+1850-866-4234,,,,restoration company,,,0,0,,,none,restoration company,2026-08-29 04:21:21
1199,ChIJXe0qpoZ3k4gRe9u-M3XYNw8,Hendricks Building Solutions LLC Roofing and Construction,"9029 Merlin Dr, Youngstown, FL 32466",YOUNGSTOWN,Bay,,+1850-919-5124,https://www.hendricksbuildingsolutions.com/,4.7,19,restoration company,,,0,0,,,none,restoration company,2026-08-29 04:21:21
1200,ChIJ5XLqNKrnM4gRAepIo2HyCZc,911 Restoration of Mahoning Valley,,Youngstown,Bay,,+1330-599-5010,https://www.911restorationmahoningvalley.com/?utm_source=google&utm_medium=organic&utm_campaign=gmb,5.0,2,fire and water damage restoration,,,1,0,,,none,fire and water damage restoration,2026-08-29 04:21:21
1201,ChIJxayIhkjF5YgR6rJ5MTrGwRI,Total Restoration,"2245 Village Square Pkwy, Fleming Island, FL 32003",FLEMING ISLAND,Clay,,+1954-686-4383,https://thetotalrestorationco.com/fleming-island-fl,5.0,8,"disaster restoration company,restoration company,water damage restoration",,,1,0,,,none,"disaster restoration company,restoration company,water damage restoration",2026-08-29 04:21:37
1202,ChIJ2fZDPGnH5YgRaKC2Y0GQZHc,Coastline Restoration - Jacksonville,"90 Industrial Loop ste 3, Orange Park, FL 32073",ORANGE PARK,Clay,,+1904-978-1311,https://coastlinerestoration.com/,5.0,3,mold remediation,,,1,0,,,none,mold remediation,2026-08-29 04:21:37
1203,ChIJpY_5HzvE5YgR0mW3SOzsoO0,"Top Notch Home Inspectors, Inc","410 Blanding Blvd Suite 10 #256, Orange Park, FL 32073",ORANGE PARK,Clay,,+1904-868-7865,https://www.topnotchhomeinspectors.com/,5.0,602,"mold inspection,mold testing",,,0,0,,,none,"mold inspection,mold testing",2026-08-29 04:21:37
1204,ChIJPRTSZkkuIIIR_04vyqiWiH8,FLORIDA HOME INSPECTIONS LLC,"502 Hopewell Dr, Orange Park, FL 32073",ORANGE PARK,Clay,,+1904-669-4188,https://www.fhiinspections.com/,5.0,45,"mold assessment,mold testing",,,0,0,,,none,"mold assessment,mold testing",2026-08-29 04:21:37
1205,ChIJ4c4eAh_UnwQRMJLSyDKoqzI,Talon Home Inspections LLC,"1465 Scarlett Way, Fleming Island, FL 32003",FLEMING ISLAND,Clay,,+1904-314-9217,https://www.talonhomeinspections.com/,5.0,163,"mold inspection,mold testing",,,0,0,,,none,"mold inspection,mold testing",2026-08-29 04:21:37
1206,ChIJTww5WUjF5YgRd_8S3IfJitQ,"First Coast Inspections, LLC","1880 E W Pkwy Unit 8224, Fleming Island, FL 32006",FLEMING ISLAND,Clay,,+1904-589-1670,https://www.firstcoastinspections.com/,,,mold inspection,,,0,0,,,none,mold inspection,2026-08-29 04:21:37
1207,ChIJAQD0C07a5YgRoCtWS8j3GI0,Inspectz Jax,"3060 Jeremys Dr, Green Cove Springs, FL 32043",GREEN COVE SPRINGS,Clay,,+1904-808-2559,,5.0,9,"mold assessment,mold inspection,mold remediation,mold testing",,,0,0,,,none,"mold assessment,mold inspection,mold remediation,mold testing",2026-08-29 04:21:37
1208,ChIJxW_6bBPF5YgRLbu0omL6T2E,HomeTeam of South Jacksonville,,Fleming Island,Clay,,+1904-944-4985,http://www.hometeam.com/south-jacksonville,4.9,128,mold inspection,,,0,0,,,none,mold inspection,2026-08-29 04:21:37
1209,ChIJNb6-I2rF5YgRIsSIcy7O4Ok,Island Home Inspection Services LLC,"1823 Norway Dr, Fleming Island, FL 32003",FLEMING ISLAND,Clay,,+1904-476-0637,,,,mold inspection,,,0,0,,,none,mold inspection,2026-08-29 04:21:37
1210,ChIJZeRtLS0ESAERgs3Gy_ewRDA,All In Home Inspections,,Green Cove Springs,Clay,,+1904-600-6019,https://allinhomeinspectionjax.com/,5.0,18,mold inspection,,,0,0,,,none,mold inspection,2026-08-29 04:21:37
1211,ChIJxav5PgTgS64Rm5IWPGforW8,1 Stop Home Inspection,,Fleming Island,Clay,,+1904-467-7646,http://homeinspectionflemingisland.com/,4.9,19,mold inspection,,,0,0,,,none,mold inspection,2026-08-29 04:21:37
1212,ChIJh7KHqm7E5YgRvdds_uTe4aw,FloodPro 24 Inc,"152 Foxridge Rd, Orange Park, FL 32065",ORANGE PARK,Clay,,+1904-551-8101,,1.0,1,"disaster restoration company,water damage restoration",,,0,0,,,none,"disaster restoration company,water damage restoration",2026-08-29 04:21:37
1213,ChIJQ79y_BZ_xWURj3G-JXuZlxY,Certified Water Damage Restoration Jacksonville,"9424 Baymeadows Rd Unit 250, Jacksonville, FL 32256",JACKSONVILLE,Duval,,+1904-664-6973,http://certified-waterdamagerestoration.com/jacksonville,,,water damage restoration,,,1,0,,,none,water damage restoration,2026-08-29 04:21:37
1214,ChIJlzRtxgvF5YgR_7FTB4zncTg,Restore Hyper Wellness,"1615 County Rd 220 #140, Fleming Island, FL 32003",FLEMING ISLAND,Clay,,+1904-830-1520,http://www.restore.com/locations/fl-fleming-island-fl054?utm_source=gmb&utm_medium=Yext&y_source=1_MTAwMzc1NTcxOS03MTUtbG9jYXRpb24ud2Vic2l0ZQ%3D%3D,4.9,389,restoration company,,,0,0,,,none,restoration company,2026-08-29 04:21:37
1215,ChIJp_MFIr7L5YgRnAl4M34WU48,"Triton Roofing & Restoration, LLC","3168 US-17, Fleming Island, FL 32003",FLEMING ISLAND,Clay,,+1904-619-8212,https://www.wearetriton.com/,4.4,105,restoration company,,,1,0,,,none,restoration company,2026-08-29 04:21:37
1216,ChIJnbC-ZADb5YgRFQI2r5jjGeI,Prime,"1280 Sailfish Ln, Fleming Island, FL 32003",FLEMING ISLAND,Clay,,+1464-229-2627,,,,restoration company,,,0,0,,,none,restoration company,2026-08-29 04:21:37
1217,ChIJY0XGOfvE5YgREB9vbj02tRY,A Specialty Home Design,"2219 Wide Reach Dr, Fleming Island, FL 32003",FLEMING ISLAND,Clay,,+1904-446-0681,https://aspecialtyhomedesign.com/,4.4,8,restoration company,,,0,0,,,none,restoration company,2026-08-29 04:21:37
1218,ChIJhS1NSaTm_IoRzRn5c9Nf2CE,Gladiolus Inc - Pressure Washer,"3150 Frst Vw Ln In, Green Cove Springs, FL 32043",GREEN COVE SPRINGS,Clay,,+1904-921-8389,https://gladioluswasher.com/,5.0,42,mold remediation,,,0,0,,,none,mold remediation,2026-08-29 04:21:55
1219,ChIJNydUopzFc6YRQ4aYR4G4QKU,Accurate Mold and IAQ Assessment LLC,,Green Cove Springs,Clay,,+1904-456-3362,https://www.accuratemoldandiaq.com/?utm_source=google&utm_medium=wix_google_business_profile&utm_campaign=15519759616750918205,,,mold assessment,,,0,0,,,none,mold assessment,2026-08-29 04:21:55
1220,ChIJzXN0D0Vk5ogRI00l8oy-UF4,SERVPRO of Putnam County,"608 Main St, Palatka, FL 32177",PALATKA,Putnam,,+1386-328-8660,https://www.servpro.com/locations/fl/servpro-of-putnam-county?utm_medium=organic&utm_source=gbp,5.0,24,"fire and water damage restoration,mold assessment",,,1,0,,,none,"fire and water damage restoration,mold assessment",2026-08-29 04:21:55
1221,ChIJGXKp_BK6w4kR9ehmug9QFhk,Terra Home Inspections LLC,"10110 Delgado Ave, Hastings, FL 32145",HASTINGS,St. Johns,,+1904-837-6025,http://www.terrahomeinspectionsllc.com/,5.0,223,mold inspection,,,0,0,,,none,mold inspection,2026-08-29 04:21:55
1222,ChIJ8Qky-kLR5YgR8wDT1Z0uKSY,Guardian Home Inspections,,Green Cove Springs,Clay,,+1904-510-6791,https://www.inspectmyfloridahome.com/,5.0,66,mold inspection,,,0,0,,,none,mold inspection,2026-08-29 04:21:55
1223,ChIJa1iLBdDR5YgRtk4MFHzzd9Y,"House Authority Inspection Service, LLC",,Green Cove Springs,Clay,,+1904-287-8842,http://www.houseauthority.net/,4.9,56,mold inspection,,,0,0,,,none,mold inspection,2026-08-29 04:21:55
1224,ChIJ9UXC9q3Q5YgRU9HBd6tTF1M,Darren's Custom & Restorations,"3 Palmetto Ave S, Green Cove Springs, FL 32043",GREEN COVE SPRINGS,Clay,,+1904-284-9209,http://www.darrensrestorations.com/,5.0,57,"disaster restoration company,fire and water damage restoration,restoration company,water damage restoration",,,1,0,,,none,"disaster restoration company,fire and water damage restoration,restoration company,water damage restoration",2026-08-29 04:21:55
1225,ChIJo91oFfG35YgRzAYcwSd_5H0,ARC Roofing and Construction,"803 Leonard C Taylor Pkwy, Green Cove Springs, FL 32043",GREEN COVE SPRINGS,Clay,,+1904-707-5023,https://arcroof.us/,4.9,11,restoration company,,,0,0,,,none,restoration company,2026-08-29 04:21:55
1226,ChIJddHvu1XX5YgR3NSpvbShOm0,CD Appliance Repair Inc.,"2073 Pebble Point Dr, Green Cove Springs, FL 32043",GREEN COVE SPRINGS,Clay,,+1904-792-5022,https://www.cdappliancerepairservice.com/,4.3,136,disaster restoration company,,,0,0,,,none,disaster restoration company,2026-08-29 04:21:55
1227,ChIJo8eF0d7B5YgRhUM_jKzapc8,My Emergency Power,"1525 Virgils Way, Green Cove Springs, FL 32043",GREEN COVE SPRINGS,Clay,,+1904-230-0300,https://myemergencypower.com/,5.0,152,disaster restoration company,,,0,0,,,none,disaster restoration company,2026-08-29 04:21:55
1228,ChIJDZ2RG-R_EaARQtY2PgcXqoQ,Mold Detectives,,Holt,Okaloosa,,+1772-242-4024,https://molddetectivefl.com/,4.9,13,mold inspection,,,0,0,,,none,mold inspection,2026-08-29 04:22:16
1229,ChIJ7eGWl7ze3ogRAfChzbNL5jE,A+ Mold Inspection Specialists LLC,,Fort White,Columbia,,+1561-602-0055,https://www.mold911.com/,4.3,23,"mold assessment,mold inspection",,,0,0,,,none,"mold assessment,mold inspection",2026-08-29 04:22:16
1230,ChIJtYFvgqbt3ogRNwOVfT5Jamc,Florida Mold Advisors,,Fort White,Columbia,,+1772-677-0074,https://www.floridamoldadvisors.com/,5.0,14,mold assessment,,,0,0,,,none,mold assessment,2026-08-29 04:22:16
1231,ChIJdS6k-ZVd44MR2i4J0QZeBq4,Mold Hunt LLC - MOLD DOG,,Fort White,Columbia,,+1858-665-3364,http://moldhunt.com/,4.9,32,mold inspection,,,0,0,,,none,mold inspection,2026-08-29 04:22:16
1232,ChIJJ627l1fM6IgRDE77JBYKdPo,Absolute Plastering LLC.,,Fort White,Columbia,,+1352-214-3148,,5.0,7,"restoration company,water damage restoration",,,0,0,,,none,"restoration company,water damage restoration",2026-08-29 04:22:16
1233,ChIJw_iHVKPP6IgR_vGE4MoEnCM,Blake's handyman restoration,"#138, Fort White, FL 32038",FORT WHITE,Columbia,,+1813-367-6983,,5.0,2,restoration company,,,1,0,,,none,restoration company,2026-08-29 04:22:16
1234,ChIJl4eyoAEcYgUReY5FioGAbx8,Skilled Restorations,,Fort White,Columbia,,+1904-309-1791,https://skilledrestorations.net/,5.0,2,restoration company,,,1,0,,,none,restoration company,2026-08-29 04:22:16
1235,ChIJBWfm6wrN6IgRdBL_6tuFTzo,LION’S POOL,"3094 SW CR778, Fort White, FL 32038",FORT WHITE,Columbia,,+1954-663-9182,http://lions-pool.lovable.app/,4.7,31,restoration company,,,0,0,,,none,restoration company,2026-08-29 04:22:16
1236,ChIJTYEptClhSoMR8t_s2ZL5iS8,R.E. Mold And Water,,Molino,Escambia,,+1941-479-3008,https://remoldandwater.com/,5.0,47,mold remediation,,,0,0,,,none,mold remediation,2026-08-29 04:22:39
1237,ChIJh749hrIW24gRGK2EXkuvlkw,Mold Inspection & Testing Fort Myers FL,,McDavid,Escambia,,+1941-219-5511,http://moldinspectionandtest.com/fort-myers-fl,4.9,95,mold inspection,,,0,0,,,none,mold inspection,2026-08-29 04:22:39
1238,ChIJv4rHuzGligsR3oxGbahl9Mg,"The Mold Guy, LLC",,McDavid,Escambia,,+1561-926-5440,https://thatmoldguy.com/,5.0,36,mold assessment,,,0,0,,,none,mold assessment,2026-08-29 04:22:39
1239,ChIJR5uTZHQTty8R-12LSwkcY9c,"Sloan's Property & Land Management, LLC","367 SE 136th Ave, Old Town, FL 32680",OLD TOWN,Dixie,,+1352-425-9287,https://www.sloanspropertyandlandmanagement.com/,5.0,44,restoration company,,,0,0,,,none,restoration company,2026-08-29 04:22:40
1240,ChIJBa891ua15YgRovjILJHFkvE,Dreyer's,"1909 Parental Home Rd Suite 5, Jacksonville, FL 32216",JACKSONVILLE,Duval,,+1904-867-4389,https://dreyersdki.com/restoration-services-jacksonville-fl/?utm_source=gmb&utm_medium=organic&utm_campaign=listing&utm_content=jacksonville,4.8,48,"disaster restoration company,mold assessment",,,0,0,,,none,"disaster restoration company,mold assessment",2026-08-29 04:22:40
1241,ChIJVacPOyW35YgRulLApt_0GYs,Southern Brothers Inspections,"2695 Post St #1112, Jacksonville, FL 32204",JACKSONVILLE,Duval,,+1904-747-0888,https://southernbrothersjax.com/,5.0,646,"mold assessment,mold inspection",,,0,0,,,none,"mold assessment,mold inspection",2026-08-29 04:22:40
1242,ChIJV50TkMK05YgR24h4QSv_rpA,L L Spencer Inspections,"2061 Leon Rd, Jacksonville, FL 32246",JACKSONVILLE,Duval,,+1904-568-6810,https://www.llspencerinspections.com/,4.7,52,mold inspection,,,0,1,MRSA1247,"SPENCER, LAVERNE L",high,mold inspection,2026-08-29 04:22:40
1243,ChIJkcq4kSe15YgRoL43H5smvTQ,Drone and Ladder Home Inspections LLC,"3327 Bowden Rd S, Jacksonville, FL 32216",JACKSONVILLE,Duval,,+1904-838-2251,https://www.droneandladder.com/,5.0,106,"mold inspection,mold testing",,,0,0,,,none,"mold inspection,mold testing",2026-08-29 04:22:40
1244,ChIJy9DoHjK_kIgRPuYuyabJZgU,SERVPRO of West Pensacola,"1101 S Fairfield Dr, Pensacola, FL 32506",PENSACOLA,Escambia,,+1850-446-6896,https://www.servpro.com/locations/fl/servpro-of-west-pensacola?utm_medium=organic&utm_source=gbp,4.9,212,"disaster restoration company,fire and water damage restoration,mold assessment,mold inspection,mold remediation,mold testing,restoration company,water damage restoration",,,1,1,MRSA2587,"STONE, STEVEN KELLY",high,"disaster restoration company,fire and water damage restoration,mold assessment,mold inspection,mold remediation,mold testing,restoration company,water damage restoration",2026-08-29 04:22:59
1245,ChIJNyvowhjBkIgRoVhUAQpM_OI,Superior Pensacola FL,"7100 N Davis Hwy, Pensacola, FL 32504",PENSACOLA,Escambia,,+1448-205-4104,https://thetotalrestorationco.com/pensacola-fl,4.8,26,"disaster restoration company,fire and water damage restoration,mold assessment,mold inspection,mold remediation,mold testing,restoration company,water damage restoration",,,0,0,,,none,"disaster restoration company,fire and water damage restoration,mold assessment,mold inspection,mold remediation,mold testing,restoration company,water damage restoration",2026-08-29 04:22:59
1246,ChIJH3gtzmO_kIgR7yYBpyfPTq4,Restoration and Recovery Contractors of America,"1249 S Old Corry Field Rd Suite A, Pensacola, FL 32507",PENSACOLA,Escambia,,+1850-754-9957,http://www.myrestorationpros.com/?y_source=1_NTg0NjExNTMtNzE1LWxvY2F0aW9uLndlYnNpdGU%3D,4.9,44,"disaster restoration company,fire and water damage restoration,mold assessment,mold inspection,mold remediation,mold testing,restoration company,water damage restoration",,,1,0,,,none,"disaster restoration company,fire and water damage restoration,mold assessment,mold inspection,mold remediation,mold testing,restoration company,water damage restoration",2026-08-29 04:22:59
1247,ChIJc3VrlJLrkIgRXcBeAOoowk4,Paul Davis Restoration of the Emerald Coast,"3346 McLemore St, Pensacola, FL 32514",PENSACOLA,Escambia,,+1850-757-0572,https://emerald-coast.pauldavis.com/?utm_source=google&utm_medium=organic&utm_campaign=GMBListing-Pensacola-FL,4.9,181,"disaster restoration company,fire and water damage restoration,mold assessment,mold inspection,mold remediation,mold testing,restoration company,water damage restoration",,,1,0,,,none,"disaster restoration company,fire and water damage restoration,mold assessment,mold inspection,mold remediation,mold testing,restoration company,water damage restoration",2026-08-29 04:22:59
1248,ChIJ8e58BVvrkIgRpQGXCJht03w,SERVPRO of Northwest Escambia County,,Baker,Okaloosa,,+1850-999-5579,https://www.servpro.com/locations/fl/servpro-of-northwest-escambia-county?utm_medium=organic&utm_source=gbp,5.0,35,"disaster restoration company,fire and water damage restoration,mold assessment,mold inspection,mold remediation,restoration company,water damage restoration",,,1,0,,,none,"disaster restoration company,fire and water damage restoration,mold assessment,mold inspection,mold remediation,restoration company,water damage restoration",2026-08-29 04:22:59
1249,ChIJe2A7v8fAkIgRFVqcn-ko26Y,SERVPRO of Downtown and North Pensacola,"3345 Addison Dr, Pensacola, FL 32514",PENSACOLA,Escambia,,+1850-696-6061,https://www.servpro.com/locations/fl/servpro-of-downtown-and-north-pensacola?utm_medium=organic&utm_source=gbp,4.9,127,"disaster restoration company,fire and water damage restoration,mold assessment,mold inspection,mold remediation,mold testing,restoration company,water damage restoration",,,1,1,MRSR3325,"ALFORD, ERIC TODD",high,"disaster restoration company,fire and water damage restoration,mold assessment,mold inspection,mold remediation,mold testing,restoration company,water damage restoration",2026-08-29 04:22:59
1250,ChIJ79opd8bqkIgREy_Q4noqDEo,Escarosa Cleaning and Restoration,"9011 N Davis Hwy, Pensacola, FL 32514",PENSACOLA,Escambia,,+1850-432-6060,http://escarosacleaningandrestoration.com/,4.8,58,"disaster restoration company,mold assessment,mold inspection,mold remediation,mold testing,restoration company,water damage restoration",,,1,1,MRSA1303,"BLACKWELL, RYAN LEE",high,"disaster restoration company,mold assessment,mold inspection,mold remediation,mold testing,restoration company,water damage restoration",2026-08-29 04:22:59
1251,ChIJ9QrsOFK_kIgR4W5xT6bffwg,Rytech Restoration of Greater Pensacola,"770 Van Pelt Ln, Pensacola, FL 32505",PENSACOLA,Escambia,,+1850-684-8759,https://greater-pensacola.rytechinc.com/,4.4,14,"disaster restoration company,fire and water damage restoration,mold assessment,mold inspection,mold remediation,mold testing,restoration company,water damage restoration",,,1,0,,,none,"disaster restoration company,fire and water damage restoration,mold assessment,mold inspection,mold remediation,mold testing,restoration company,water damage restoration",2026-08-29 04:22:59
1252,ChIJZ4Gk1YWlkIgRPxB5twxTNiE,American Veterans Restoration,"959 Spanish Moss Dr, Pensacola, FL 32506",PENSACOLA,Escambia,,+1850-900-2871,https://trustavr.com/pensacola/,5.0,24,"disaster restoration company,fire and water damage restoration,mold assessment,mold inspection,mold remediation,mold testing,restoration company,water damage restoration",,,1,0,,,none,"disaster restoration company,fire and water damage restoration,mold assessment,mold inspection,mold remediation,mold testing,restoration company,water damage restoration",2026-08-29 04:22:59
1253,ChIJ9UCWXkOVkIgRvC0nJapwr2A,BELFOR Property Restoration,"3140 S Hwy 95A, Cantonment, FL 32533",CANTONMENT,Escambia,,+1850-389-5540,https://www.belfor.com/us/en/belfor-pensacola/,5.0,1,fire and water damage restoration,,,1,0,,,none,fire and water damage restoration,2026-08-29 04:22:59
1254,ChIJg6nrwJ-VkIgRI04QTEQez4s,ServiceMaster Restoration by EMCO,"8042 N Palafox St Unit A, Pensacola, FL 32534",PENSACOLA,Escambia,,+1850-741-3657,http://www.emco-restore.com/,4.7,13,"disaster restoration company,mold remediation,restoration company",,,1,1,MRSA4235,"PETROVIC, JACOB JOSEPH",high,"disaster restoration company,mold remediation,restoration company",2026-08-29 04:22:59
1255,ChIJTcI4__O_kIgRICaDVGO2IOA,FIRST ONSITE Property Restoration,"511 Wynnehurst St, Pensacola, FL 32503",PENSACOLA,Escambia,,+1850-225-5354,https://firstonsite.com/locations/united-states/fl/pensacola/511-wynnehurst-st,4.9,10,"disaster restoration company,fire and water damage restoration,mold remediation,mold testing,restoration company,water damage restoration",,,1,0,,,none,"disaster restoration company,fire and water damage restoration,mold remediation,mold testing,restoration company,water damage restoration",2026-08-29 04:22:59
1256,ChIJ4-eJBunqkIgRB9-DfoefbIk,ProClean,"9165 Roe St, Pensacola, FL 32514",PENSACOLA,Escambia,,+1850-484-8500,http://procleannotsomekid.com/,4.8,756,"mold remediation,restoration company",,,0,0,,,none,"mold remediation,restoration company",2026-08-29 04:22:59
1257,ChIJm-DDkU5zKWsRWqZpziWil40,Ready 5,"110 E 9 Mile Rd, Pensacola, FL 32534",PENSACOLA,Escambia,,+1855-573-2395,https://ready5.us/,5.0,27,water damage restoration,,,0,0,,,none,water damage restoration,2026-08-29 04:22:59
1258,ChIJafHnzQZy5EQRzK6VegN4EYY,Joe Taylor Restoration,,Baker,Okaloosa,,+1888-353-3139,https://www.jtrestoration.com/,4.4,11,fire and water damage restoration,,,1,0,,,none,fire and water damage restoration,2026-08-29 04:22:59
1259,ChIJGxZ_tdDrkIgRSptT2a8MUSI,Best Option Restoration of Baldwin County,"98 Weed St, Pensacola, FL 32514",PENSACOLA,Escambia,,+1251-289-1515,,1.9,17,"fire and water damage restoration,mold remediation,restoration company,water damage restoration",,,1,0,,,none,"fire and water damage restoration,mold remediation,restoration company,water damage restoration",2026-08-29 04:23:00
1260,ChIJ8z-z5HiVkIgRBfGN6xBuedw,911 Restoration of Pensacola,,Baker,Okaloosa,,+1850-316-4562,https://www.911restorationpensacola.com/,1.0,1,water damage restoration,,,1,0,,,none,water damage restoration,2026-08-29 04:23:00
1261,ChIJHyxAvSHtkIgRv8gl6S-CN6M,Catstrong Mold Inspection and Removal Pace,"5800 Jameson Cir #165, Pace, FL 32571",PACE,Santa Rosa,,,,,,"mold assessment,mold remediation,mold testing",,,0,0,,,none,"mold assessment,mold remediation,mold testing",2026-08-29 04:23:00
1262,ChIJCwqyHT2_kIgRmqgxXZBg10E,Coastal Mold Service,,Pensacola Beach,Escambia,,+1850-571-9003,https://coastalmoldservices.com/,5.0,34,mold assessment,,,0,0,,,none,mold assessment,2026-08-29 04:23:00
1263,ChIJ7clleohaooIRvbdT8-L4eDs,"Know Spores, LLC",,Cantonment,Escambia,,+1251-201-8290,https://www.knowspores.com/,5.0,3,"mold assessment,mold testing",,,0,0,,,none,"mold assessment,mold testing",2026-08-29 04:23:00
1264,ChIJ5yPrkPOVkIgRZyFvKvNREHE,Mold Inspections Only Pensacola,,Pensacola Beach,Escambia,,+1850-254-9580,,5.0,1,mold testing,,,0,0,,,none,mold testing,2026-08-29 04:23:00
1265,ChIJWaT8pkmVkIgRPTzEP7wd52U,FP Property,"653 S I St, Pensacola, FL 32502",PENSACOLA,Escambia,,+1850-204-4074,https://www.fprestoration.com/,4.6,36,"disaster restoration company,fire and water damage restoration,mold inspection,mold remediation,mold testing,restoration company,water damage restoration",,,0,0,,,none,"disaster restoration company,fire and water damage restoration,mold inspection,mold remediation,mold testing,restoration company,water damage restoration",2026-08-29 04:23:00
1266,ChIJmeNrdIXBkIgRZdVXRvezfmo,Clean Environmental Solutions of Pensacola,"3 W Garden St Ste 215-2, Pensacola, FL 32502",PENSACOLA,Escambia,,+1850-450-2676,http://www.moldtestpro.com/,5.0,14,"mold assessment,mold inspection,mold remediation,mold testing",,,0,0,,,none,"mold assessment,mold inspection,mold remediation,mold testing",2026-08-29 04:23:00
1267,ChIJK6yuc4MjkYgRNy783IMqB48,Florida State Mold Inspector,"2158 Crescent Wood Rd, Navarre, FL 32566",NAVARRE,Santa Rosa,,+1448-251-0555,https://flstatemoldinspector.com/,,,"mold assessment,mold inspection,mold testing",,,0,1,MRSR4834,"MCCORMICK, CHRISTOPHER",high,"mold assessment,mold inspection,mold testing",2026-08-29 04:23:00
1268,ChIJOzkwi1eUkIgRi8G8x-QshEA,Certified Master Inspector | Emerald Coast Home Inspectors,,Pensacola Beach,Escambia,,+1850-293-6191,https://www.emeraldcoasthomeinspectors.com/,5.0,233,mold inspection,,,0,0,,,none,mold inspection,2026-08-29 04:23:00
1269,ChIJy28NrVeZkIgR4bTS-TinkOE,Cochran Home Inspections,,Cantonment,Escambia,,+1850-990-4668,https://www.cochraninspections.com/,4.9,358,mold inspection,,,0,0,,,none,mold inspection,2026-08-29 04:23:00
1270,ChIJu--phbxgywkRyW5zMWSp5qA,InspectorMatt,"421 Cumberland Ave, Gulf Breeze, FL 32561",GULF BREEZE,Santa Rosa,,+1850-781-5167,https://www.inspectormatt.com//?utm_source=google&utm_medium=organic&utm_campaign=gmb,4.7,12,"mold assessment,mold inspection,mold testing",,,0,0,,,none,"mold assessment,mold inspection,mold testing",2026-08-29 04:23:00
1271,ChIJc7HTt4SVkIgRA-MET6etnws,"LEN'S Attic-Solution & Insulation's Services Inc, FL","8006 Pittman Ave, Pensacola, FL 32534",PENSACOLA,Escambia,,+1239-345-5886,,4.3,6,mold inspection,,,1,0,,,none,mold inspection,2026-08-29 04:23:00
1272,ChIJjz3K2hnskIgRxJoFprZGJiE,Specialty Home Inspections LLC,,Holt,Okaloosa,,+1850-791-4994,http://specialtyhomeinspections.biz/,5.0,52,"mold assessment,mold testing",,,0,0,,,none,"mold assessment,mold testing",2026-08-29 04:23:00
1273,ChIJ0TS5pS2_kIgRoaTUPtAK1IY,Velocity Restorations,"15 E Quintette Rd, Cantonment, FL 32533",CANTONMENT,Escambia,,+1850-466-1810,https://www.velocityrestorations.com/,4.8,188,"restoration company,water damage restoration",,,1,0,,,none,"restoration company,water damage restoration",2026-08-29 04:23:00
1274,ChIJrcXl3yOXkIgRjOhGjt2e_Yw,First Quality,"1280 Andrea Ln, Cantonment, FL 32533",CANTONMENT,Escambia,,+1448-203-1633,,4.0,2,"disaster restoration company,water damage restoration",,,0,0,,,none,"disaster restoration company,water damage restoration",2026-08-29 04:23:00
1275,ChIJaT4XMYXZkIgRqDEUxWXuDtM,Water damage restoration City Navarre,"7055 Shellfish Ct, Navarre, FL 32566",NAVARRE,Santa Rosa,,+1844-640-8106,,,,water damage restoration,,,1,0,,,none,water damage restoration,2026-08-29 04:23:00
1276,ChIJkWsOnB3bkIgRczPK2vEABeg,"ComeBack Restoration, LLC","4354 Gulf Breeze Pkwy, Gulf Breeze, FL 32563",GULF BREEZE,Santa Rosa,,+1850-530-5732,http://comebackrestoration.com/,4.4,13,"disaster restoration company,restoration company,water damage restoration",,,1,1,MRSA3257,"KILGORE, JAMES CARL JR",high,"disaster restoration company,restoration company,water damage restoration",2026-08-29 04:23:00
1277,ChIJxVMarDOXkIgRCtmpxnzxUSY,Iron Horse Restorations,"1160 McKenzie Rd, Cantonment, FL 32533",CANTONMENT,Escambia,,+1850-968-6161,https://www.ironhorserestorations.com/,4.7,68,"fire and water damage restoration,water damage restoration",,,1,0,,,none,"fire and water damage restoration,water damage restoration",2026-08-29 04:23:00
1278,ChIJd5LVe8eVkIgRz_NTwvADR7E,Southpaw Home Restoration,"209 Clearfield Dr, Cantonment, FL 32533",CANTONMENT,Escambia,,+1904-583-5778,,5.0,1,restoration company,,,1,0,,,none,restoration company,2026-08-29 04:23:00
1279,ChIJGYAWFC-3SKkRIVWqjGVlczU,"National Restore, LLC",,Chattahoochee,Gadsden,,+1251-355-2100,https://www.nationalrestore.net/,5.0,70,disaster restoration company,,,1,0,,,none,disaster restoration company,2026-08-29 04:23:01
1280,ChIJe2ZpUnu-kIgR1MBxgjnfhUo,Cinergy Restoration,"Chicago Ave, Pensacola, FL 32526",PENSACOLA,Escambia,,,,4.4,14,"disaster restoration company,restoration company",,,1,0,,,none,"disaster restoration company,restoration company",2026-08-29 04:23:01
1281,ChIJKV8lwZTTNScRxU9QUCOt9Sw,Florida Water and Fire,,Baker,Okaloosa,,+1850-270-8719,,5.0,5,fire and water damage restoration,,,0,0,,,none,fire and water damage restoration,2026-08-29 04:23:01
1282,ChIJ4f23-e2VkIgR8eXWu5HcK14,American Veterans Restoration Pensacola,"8601 Pensacola Blvd #2, Pensacola, FL 32534",PENSACOLA,Escambia,,+1850-900-2871,http://www.trustavr.com/,,,fire and water damage restoration,,,1,0,,,none,fire and water damage restoration,2026-08-29 04:23:01
1283,ChIJlcNRe3zfkIgRn-hFeLF7Rx0,The Remediation Team,,Holt,Okaloosa,,+1850-809-2837,https://theremediationteamfl.com/,4.1,22,mold remediation,,,1,0,,,none,mold remediation,2026-08-29 04:23:01
1284,ChIJ5R_UKvHGkIgRmKSumXVvlQc,SERVPRO of Santa Rosa County,"913 Gulf Breeze Pkwy #31, Gulf Breeze, FL 32561",GULF BREEZE,Santa Rosa,,+1850-932-2488,http://www.servprosantarosacounty.com/,4.3,7,"disaster restoration company,fire and water damage restoration,restoration company,water damage restoration",,,1,0,,,none,"disaster restoration company,fire and water damage restoration,restoration company,water damage restoration",2026-08-29 04:23:01
1285,ChIJMZH7gDffkIgROTOZieksl9U,Brooks Remediation,"2561 Cove Rd, Navarre, FL 32566",NAVARRE,Santa Rosa,,+1850-344-1400,https://www.brooksremediation.com/,5.0,8,"fire and water damage restoration,mold remediation,water damage restoration",,,1,1,MRSR3468,"DYE, CHRISTINA MARIE",high,"fire and water damage restoration,mold remediation,water damage restoration",2026-08-29 04:23:25
1286,ChIJTV-r6g15kIgROuRedLJ0zD0,1-800 Water Damage of the Emerald Coast,"6875 Greenland Rd, McDavid, FL 32568",MCDAVID,Escambia,,+1850-375-6731,,,,"fire and water damage restoration,mold assessment,mold inspection,mold remediation,mold testing,restoration company,water damage restoration",,,0,1,MRSA2188,"WILLIAMS, JOHN LOVETT IV",high,"fire and water damage restoration,mold assessment,mold inspection,mold remediation,mold testing,restoration company,water damage restoration",2026-08-29 04:23:25
1287,ChIJTwnI-MPBkIgRq4_jmILQQGc,Home-Quality Restorations,,Holt,Okaloosa,,+1850-733-8833,http://www.hqrestorations.com/,5.0,23,"disaster restoration company,mold assessment,mold inspection,mold remediation",,,1,0,,,none,"disaster restoration company,mold assessment,mold inspection,mold remediation",2026-08-29 04:23:25
1288,ChIJwcsPB60p2YgRWYjW3uOaEuQ,A Accredited Mold Inspection Service,,Cedar Key,Levy,,+1888-381-6651,http://www.floridamoldtesting.net/,5.0,152,"mold assessment,mold inspection",,,0,0,,,none,"mold assessment,mold inspection",2026-08-29 04:23:25
1289,ChIJfa7jn7cTlqgRxw3fG5WsOg0,Coastal Shield Property inspections LLC,"3044 Laurel Dr, Gulf Breeze, FL 32563",GULF BREEZE,Santa Rosa,,+1706-518-2635,http://coastalshieldhome.com/,5.0,12,"mold assessment,mold inspection,mold remediation,mold testing",,,0,0,,,none,"mold assessment,mold inspection,mold remediation,mold testing",2026-08-29 04:23:25
1290,ChIJg_xwzdMf2YgR2xMj5oKr0KE,Air Quality Experts Mold Testing & Inspection,,Havana,Gadsden,,+1561-298-9431,http://aqecorporation.com/,5.0,292,mold testing,,,0,0,,,none,mold testing,2026-08-29 04:23:25
1291,ChIJsfRUDD-yD0oRkgmn3L-uur4,United Mold Inspections,,McDavid,Escambia,,+1954-406-0486,http://www.unitedmoldinspections.com/,4.9,77,mold inspection,,,0,0,,,none,mold inspection,2026-08-29 04:23:25
1292,ChIJ90YT29uh2YgR6M-3BhzTU8o,Leak Mold Restoration,,McDavid,Escambia,,+1954-827-9888,https://www.leakmold.com/?utm_source=google&utm_medium=wix_google_business_profile&utm_campaign=12123578992974138860,5.0,69,water damage restoration,,,1,0,,,none,water damage restoration,2026-08-29 04:23:25
1293,ChIJ2zOSaqRHj4ERIxuQhA1YOQQ,Water Damage Clean,,McDavid,Escambia,,+1954-866-3380,,4.8,95,water damage restoration,,,0,0,,,none,water damage restoration,2026-08-29 04:23:25
1294,ChIJdaWJL49l54gRm6BxP7CLyj4,Pro Dry Restoration,,McDavid,Escambia,,+1407-486-7802,http://prodryrestorations.com/,5.0,67,water damage restoration,,,1,0,,,none,water damage restoration,2026-08-29 04:23:25
1295,ChIJHcmd_dQ_lAYRqSP5g2rxLew,Mid Florida Restoration Services,,McDavid,Escambia,,+1800-685-6038,https://www.midflrest.com/,5.0,8,water damage restoration,,,1,0,,,none,water damage restoration,2026-08-29 04:23:25
1296,ChIJl9rWWiohkYgRzKsUvubfuZQ,SERVPRO of Santa Rosa County,"8403 E Bay Blvd, Navarre, FL 32566",NAVARRE,Santa Rosa,,+1850-629-5380,https://www.servpro.com/locations/fl/servpro-of-santa-rosa-county?utm_medium=organic&utm_source=gbp,4.6,68,"mold assessment,mold remediation,mold testing,water damage restoration",,,1,0,,,none,"mold assessment,mold remediation,mold testing,water damage restoration",2026-08-29 04:23:41
1297,ChIJldwlCwCRkIgR5VonBnaY4cM,Molino Building Inspection,"3470 US-29, Cantonment, FL 32533",CANTONMENT,Escambia,,,,,,"mold assessment,mold inspection",,,0,0,,,none,"mold assessment,mold inspection",2026-08-29 04:23:41
1298,ChIJAdQZdHwU5IgRbD7hQWD5uLE,Freedom Home Inspections LLC,"6380 River Bend Rd, Molino, FL 32577",MOLINO,Escambia,,+1251-533-6470,http://www.freedomhomeinspections.net/,5.0,8,mold inspection,,,0,0,,,none,mold inspection,2026-08-29 04:23:41
1299,ChIJQ6XzNLkgFUARlu-T8ruZQrw,"Homestead Inspections, LLC","6758 Weathered Drive, Milton, FL 32570",MILTON,Santa Rosa,,+1850-313-6405,https://www.homesteadinspections.us/,5.0,65,mold inspection,,,0,0,,,none,mold inspection,2026-08-29 04:23:41
1300,ChIJ0U8Y0DnvkIgRV15SEDV7rxY,HomeTeam of Pensacola,,Molino,Escambia,,+1850-466-1027,http://www.hometeam.com/pensacola,5.0,311,mold inspection,,,0,0,,,none,mold inspection,2026-08-29 04:23:41
1301,ChIJk5XcOQLPBKYRDVnEcQ-QnAc,Hero Inspection Services,,Molino,Escambia,,+1407-630-4973,https://www.herohomeinspections.com/,5.0,64,mold inspection,,,0,0,,,none,mold inspection,2026-08-29 04:23:41
1302,ChIJ69WENhUH2YgRJhH9WHrf_NI,WHI Home Inspection Services,,Crestview,Okaloosa,,+1850-346-7693,http://www.whi-fl.com/,5.0,593,mold inspection,,,0,0,,,none,mold inspection,2026-08-29 04:23:41
1303,ChIJpybk78LtkIgRretW3hzZY9o,Florida Roof LLC,"1660 Omega Dr, Molino, FL 32577",MOLINO,Escambia,,+1850-281-0457,http://www.floridaroofllc.com/,4.8,28,"disaster restoration company,restoration company",,,0,0,,,none,"disaster restoration company,restoration company",2026-08-29 04:23:41
1304,ChIJ4Q49GyvfkIgRuZ53YiH5xL0,Element Restoration,,Holt,Okaloosa,,+1850-462-5135,http://www.elementrestoration.com/,4.9,31,mold remediation,,,1,0,,,none,mold remediation,2026-08-29 04:23:41
1305,ChIJSVLCBY7dGQsRrlJmvhu9Dhk,"RCE SOLUTIONS, INC",,Molino,Escambia,,+1850-791-9562,http://www.rcesolutionsinc.com/,5.0,12,restoration company,,,0,0,,,none,restoration company,2026-08-29 04:23:41
1306,ChIJOQ5ZK5afwogR6wlHtuwt8uQ,"Stafford Restoration , Inc.",,Sneads,Jackson,,+1727-868-8817,http://www.staffordrestoration.com/,5.0,139,"disaster restoration company,restoration company",,,1,0,,,none,"disaster restoration company,restoration company",2026-08-29 04:23:41
1307,ChIJ1cIOkB3skIgRBFNaN91e6fc,Champion Drywall of Northwest Florida INC,"4348 US-90, Pace, FL 32571",PACE,Santa Rosa,,+1850-995-7202,http://www.championdrywallnwf.com/,4.7,35,restoration company,,,0,0,,,none,restoration company,2026-08-29 04:23:41
1308,ChIJcYtI3uXtkIgRdmLfTi7i0eQ,SKS Aquatic & Land Management,"5635 Gold Cup Ct, Pace, FL 32571",PACE,Santa Rosa,,+1850-508-9194,https://sksaquatic.com/,5.0,38,restoration company,,,1,0,,,none,restoration company,2026-08-29 04:23:41
1309,ChIJ6z6Fx_KPkIgRZVqp15g1SvA,RenuWorx,"550 Molino Rd #12, Molino, FL 32577",MOLINO,Escambia,,+1850-637-6166,,,,restoration company,,,0,0,,,none,restoration company,2026-08-29 04:23:41
1310,ChIJGTrh_VyPkIgRAPUHAs6hSps,Reel Shady Tint and Customs,"5531 US-29, Molino, FL 32577",MOLINO,Escambia,,+1850-776-0637,https://reelshadycustoms.com/,5.0,17,restoration company,,,0,0,,,none,restoration company,2026-08-29 04:23:41
1311,ChIJ_bbTpSFVro0R-tgbaSGBWfg,Edmonson Contracting LLC,,Molino,Escambia,,+1850-207-2412,https://edmonsoncontracting.com/,5.0,11,restoration company,,,0,0,,,none,restoration company,2026-08-29 04:23:41
1312,ChIJ4UaQkpzFkIgRSvU9QRGlFfc,Rytech Of Greater Mobile and Pensacola,"2746-B Gulf Breeze Pkwy, Gulf Breeze, FL 32563",GULF BREEZE,Santa Rosa,,+1850-684-8758,http://www.rytechinc.com/mobile-pensacola,4.9,32,"disaster restoration company,fire and water damage restoration,mold assessment,mold inspection,mold remediation,mold testing,restoration company,water damage restoration",,,0,0,,,none,"disaster restoration company,fire and water damage restoration,mold assessment,mold inspection,mold remediation,mold testing,restoration company,water damage restoration",2026-08-29 04:24:06
1313,ChIJw0rVXU2_kIgRSrdxMT5qf_0,"Biome Consulting Group, A UES Company","3298 Summit Blvd Ste 44, Pensacola, FL 32503",PENSACOLA,Escambia,,+1850-435-9367,http://biome.co/,4.9,64,mold assessment,,,0,0,,,none,mold assessment,2026-08-29 04:24:06
1314,ChIJpXon4Sy7kIgRZPCAgmQMFKU,A1 Water Damage Restoration,"28 Domitilla St, Pensacola, FL 32506",PENSACOLA,Escambia,,+1850-706-4507,,,,water damage restoration,,,1,0,,,none,water damage restoration,2026-08-29 04:24:06
1315,ChIJSbqj8ORfUG0RCb9fyoX855o,Restore Pensacola,,Pensacola,Escambia,,+1850-374-5325,https://www.restorepensacola.com/,5.0,1,"disaster restoration company,water damage restoration",,,0,0,,,none,"disaster restoration company,water damage restoration",2026-08-29 04:24:06
1316,ChIJJ52QLFyVkIgRlKLS2Uld7cA,Full Restoration Pros Pensacola,"8150 N Palafox St #11, Pensacola, FL 32534",PENSACOLA,Escambia,,+1850-470-1505,,,,water damage restoration,,,1,0,,,none,water damage restoration,2026-08-29 04:24:06
1317,ChIJVWQrpp2VkIgRsC4d0iXk2n8,AFS Foundation & Waterproofing Specialists Pensacola,"89 W Hood Dr, Pensacola, FL 32534",PENSACOLA,Escambia,,+1850-761-4711,https://www.afsrepair.com/about/meet-the-team/pensacola-sat/?utm_source=google&utm_medium=organic&utm_campaign=gmb_afs-tlh-pns,4.9,147,water damage restoration,,,1,0,,,none,water damage restoration,2026-08-29 04:24:06
1318,ChIJs2Rhtj91S48R5cDQeiG7G3o,Remod Restore,,Pensacola Beach,Escambia,,+1850-312-0312,https://www.remodrestore.com/,5.0,6,"disaster restoration company,restoration company",,,0,0,,,none,"disaster restoration company,restoration company",2026-08-29 04:24:06
1319,ChIJZ1KBXqHbkIgR8nA9n1dIvt4,PuroClean Disaster Response,"3901 Tiger Point Blvd, Gulf Breeze, FL 32563",GULF BREEZE,Santa Rosa,,+1850-932-3232,https://www.puroclean.com/gulf-breeze-fl-puroclean-disaster-response,,,disaster restoration company,,,1,0,,,none,disaster restoration company,2026-08-29 04:24:06
1320,ChIJXe24fltJjm8R9bSMIrjZuRs,Disaster Appliance Master,"3311 Gulf Breeze Pkwy Ste 178, Gulf Breeze, FL 32563",GULF BREEZE,Santa Rosa,,+1850-396-3603,http://disasterappliancemaster.com/,4.1,77,disaster restoration company,,,0,0,,,none,disaster restoration company,2026-08-29 04:24:06
1321,ChIJwfWw3CPfkIgRTc4-HRvTTm0,Coastal Home Inspections,"3599 Turquoise Dr, Navarre, FL 32566",NAVARRE,Santa Rosa,,+1850-830-2074,http://coastal-home-inspection.com/,5.0,126,mold inspection,,,0,0,,,none,mold inspection,2026-08-29 04:24:21
1322,ChIJw1clofi3woARCunLlVOGJjQ,Seashore Haven Smoke Damage,"15 Live Oak St #5, Gulf Breeze, FL 32561",GULF BREEZE,Santa Rosa,,+1850-716-1382,http://smokedamagegulfbreeze.com/,5.0,1,"disaster restoration company,fire and water damage restoration,restoration company,water damage restoration",,,0,0,,,none,"disaster restoration company,fire and water damage restoration,restoration company,water damage restoration",2026-08-29 04:24:21
1323,ChIJoRY9rZBvvm8R9sOwbjSgpwc,Microscope Mold and Water Damage Restoration,,Chattahoochee,Gadsden,,+1239-565-6557,https://microscopemoldandwaterdamagerestoration.com/,5.0,79,mold remediation,,,1,0,,,none,mold remediation,2026-08-29 05:13:42
1324,ChIJ54eW9W5DACARmlMKYePiJU0,Platinum Air Mold Inspections,,Chattahoochee,Gadsden,,+1239-722-8144,https://www.platinumairmoldinspections.com/,5.0,27,mold inspection,,,1,0,,,none,mold inspection,2026-08-29 05:13:42
1325,ChIJt26fkrPW7IgROpMnWyc9NmM,Florida State Hospital,"100 N Main St, Chattahoochee, FL 32324",CHATTAHOOCHEE,Gadsden,,+1850-663-1046,http://www.dcf.state.fl.us/,2.5,79,"disaster restoration company,restoration company",,,0,0,,,none,"disaster restoration company,restoration company",2026-08-29 05:13:42
1326,ChIJEYgDVMvR7IgRqeKi2FCBKQo,Seti one general repairs & maintenance LLC,,Chattahoochee,Gadsden,,+1448-229-0402,https://setionegeneralrepairs.voolt.com/,5.0,14,"disaster restoration company,restoration company",,,0,0,,,none,"disaster restoration company,restoration company",2026-08-29 05:13:42
1327,ChIJq6qqqtoW54gRsV1_5kq8RnE,ServiceMaster Fire & Water Restoration,,Chattahoochee,Gadsden,,+1386-574-4333,http://www.servicemasterfireandwater.com/,5.0,20,fire and water damage restoration,,,1,0,,,none,fire and water damage restoration,2026-08-29 05:13:42
1328,ChIJCxWBxXQz84gRZN1aMy44MW4,AIRBORNE WATER,,Chattahoochee,Gadsden,,+1762-222-4358,https://g.page/AIRBORNERestoration?gm,5.0,1,fire and water damage restoration,,,0,0,,,none,fire and water damage restoration,2026-08-29 05:13:42
1329,ChIJx1GcXIpfJ2QRnaK2DDPGWXc,Mold Water Fire Restoration Today of Sanford,,Chattahoochee,Gadsden,,+1407-326-0799,https://moldwaterfirerestorationtoday.com/sanford-fl,5.0,3,fire and water damage restoration,,,1,0,,,none,fire and water damage restoration,2026-08-29 05:13:42
1330,ChIJ6cUBTSFU_KcRdT3MSNZcJG4,Restoration Consulting Disaster Response,,Chattahoochee,Gadsden,,+1770-776-7643,http://rcdr.net/,5.0,2,disaster restoration company,,,1,0,,,none,disaster restoration company,2026-08-29 05:13:42
1331,ChIJN7rOqihY7IgR-FSwMVXCwJw,Albatross,"3600 Deer Hill Trail, Tallahassee, FL 32312",TALLAHASSEE,Leon,,+1850-761-9818,,4.3,4,"fire and water damage restoration,mold remediation,restoration company,water damage restoration",,,0,0,,,none,"fire and water damage restoration,mold remediation,restoration company,water damage restoration",2026-08-29 05:14:11
1332,ChIJ6bkeKkrF2YgRM_aZf2kb6hg,Expert Mold Inspections by (Air Doctors Mold Assessors),,Havana,Gadsden,,+1786-627-7400,http://airdoctorsmoldassessors.com/,5.0,152,mold assessment,,,0,0,,,none,mold assessment,2026-08-29 05:14:11
1333,ChIJCWh5oVGzX0ERtsgOU3HNSw4,Mold Rid Of,,Havana,Gadsden,,+1786-616-6307,https://www.moldridof.com/?utm_source=google&utm_medium=organic&utm_campaign=gbp_listing,5.0,23,mold assessment,,,0,0,,,none,mold assessment,2026-08-29 05:14:11
1334,ChIJB73Rke9AMAoRjBOSxfhmyeM,Gulf Coast Center for Indoor Air Quality Services LLC,,Havana,Gadsden,,+1888-762-6322,http://www.gulfcoastiaq.com/,5.0,26,mold assessment,,,0,0,,,none,mold assessment,2026-08-29 05:14:11
1335,ChIJL2Jtilzd7IgRmcPGtUzPtmk,Greatphone Repair,"403 N Main St, Havana, FL 32333",HAVANA,Gadsden,,+1850-759-7350,https://1greatphonerepair.wixsite.com/my-site,4.8,72,water damage restoration,,,0,0,,,none,water damage restoration,2026-08-29 05:14:11
1336,ChIJlcmK_e_77IgRA1tiSYj_83k,Havana911,"4395 Florida Georgia Hwy, Havana, FL 32333",HAVANA,Gadsden,,+1850-251-3550,http://www.havana911.com/,5.0,11,restoration company,,,0,0,,,none,restoration company,2026-08-29 05:14:11
1337,ChIJHRevO1b77IgRN4VgIUHn9T4,The Handyman Specialist,"217 Hav-A-Tampa Dr, Havana, FL 32333",HAVANA,Gadsden,,+1813-764-3393,https://free-5377481.webadorsite.com/,5.0,10,restoration company,,,0,0,,,none,restoration company,2026-08-29 05:14:11
1338,ChIJcWEDzXH77IgR9ly6FmNM-yU,Peavy & Son Construction Co,"39 Schwall Rd, Havana, FL 32333",HAVANA,Gadsden,,+1850-539-5019,http://www.peavyandson.com/,3.6,26,restoration company,,,0,0,,,none,restoration company,2026-08-29 05:14:11
1339,ChIJIRL6cUT77IgRTJoSt9EFXb8,Affordable Decorating LLC,"281 Backloop Rd, Havana, FL 32333",HAVANA,Gadsden,,+1850-539-5200,http://affordable-decorating-llc.com/,4.9,10,restoration company,,,1,0,,,none,restoration company,2026-08-29 05:14:11
1340,ChIJ_-WTje7x7IgRWPYRG37a6Cw,"D Welch Equipment Company, LLC","148 Salem Rd, Havana, FL 32333",HAVANA,Gadsden,,+1850-224-1199,http://www.dwelchlift.com/,5.0,11,restoration company,,,0,0,,,none,restoration company,2026-08-29 05:14:11
1341,ChIJf-jGsRha7IgR_AIh7lBW6x8,Jay Walker Enterprises Inc,,Havana,Gadsden,,+1850-562-4692,http://www.jaywalkerenterprises.com/,4.9,36,restoration company,,,0,0,,,none,restoration company,2026-08-29 05:14:11
1342,ChIJSe7WWXH87IgRW60fhCRmYKI,"Ironhorse Equipment Services, Inc.","7092 Florida Georgia Hwy, Havana, FL 32333",HAVANA,Gadsden,,+1850-539-1160,,4.6,17,restoration company,,,0,0,,,none,restoration company,2026-08-29 05:14:11
1343,ChIJlVDmbuLy7IgRBHwOVcz5XLk,All Steamed Up Carpet Cleaning,"881 Red Fern Rd, Havana, FL 32333",HAVANA,Gadsden,,+1850-728-9131,https://www.allsteamedupcarpetcleaning.com/,5.0,107,restoration company,,,0,0,,,none,restoration company,2026-08-29 05:14:11
1344,ChIJ69qAX_Pw7IgR6-ZMwlJgtuE,Webster's Marine Services,"996 Florida Georgia Hwy, Havana, FL 32333",HAVANA,Gadsden,,+1850-562-1052,,4.5,63,restoration company,,,0,0,,,none,restoration company,2026-08-29 05:14:11
1345,ChIJRfXBe_Pw7IgR85KrDGAIdhk,Donalson Diesel,"9115 Havana Hwy, Havana, FL 32333",HAVANA,Gadsden,,+1229-221-0090,https://donalsondiesel.com/,4.7,155,restoration company,,,0,0,,,none,restoration company,2026-08-29 05:14:11
1346,ChIJecBNaUbu7IgRHAnrPB_2f68,Iceberg HVAC/Duct Clean,"731 Sheline Dr, Havana, FL 32333",HAVANA,Gadsden,,+1904-604-8965,https://www.steelehvacllc.com/contact,4.3,3,restoration company,,,0,0,,,none,restoration company,2026-08-29 05:14:11
1347,ChIJvYGiEb377IgRd6gcpIX9dqs,Tallahassee Scrap Metals,"1659 Glades Rd, Havana, FL 32333",HAVANA,Gadsden,,+1850-616-2409,http://www.tallahasseescrapmetals.com/,4.4,31,restoration company,,,0,0,,,none,restoration company,2026-08-29 05:14:11
1348,ChIJ5TuAjAer3IgRMkm5D8mnNck,Building Inspection Of Florida,,Fanning Springs,Gilchrist,,+1941-743-3164,https://moldinspectorfl.com/,4.9,35,"mold assessment,mold inspection",,,0,0,,,none,"mold assessment,mold inspection",2026-08-29 05:14:32
1349,ChIJZweNOoPRwogRUz0uYVlxYBo,Aalpha Services,,Fanning Springs,Gilchrist,,+1239-200-2474,https://www.aalphaservices.com/,5.0,5,mold assessment,,,0,0,,,none,mold assessment,2026-08-29 05:14:32
1350,ChIJQbphwE2BDqIRjtq1WskW_kQ,Suwannee Inspection Services,,Trenton,Levy,,+1386-853-0153,http://www.suwanneeinspections.com/,5.0,22,"mold assessment,mold inspection",,,0,0,,,none,"mold assessment,mold inspection",2026-08-29 05:14:32
1351,ChIJq1ekPZ4xYGMRQgoxmqSwWHo,Much Moore Building Inspections LLC,,Fanning Springs,Gilchrist,,+1352-554-3675,http://muchmooreinspectors.com/,5.0,18,mold inspection,,,0,0,,,none,mold inspection,2026-08-29 05:14:32
1352,ChIJde9rnsHn6IgRqMKKaQ9ml_I,Inspex,,Fanning Springs,Gilchrist,,+1352-356-0806,http://www.inspexfl.com/,3.0,2,mold inspection,,,0,0,,,none,mold inspection,2026-08-29 05:14:32
1353,ChIJh_wYelch6YgR7I3v9SNOkLI,Chris's Pro Clean,,Fanning Springs,Gilchrist,,+1352-949-3718,,5.0,5,restoration company,,,0,0,,,none,restoration company,2026-08-29 05:14:32
1354,ChIJ8fxU7LPj6IgRDSkdU1V8c7U,"Dream Builders USA, Inc.","7600 Lake Ave, Fanning Springs, FL 32693",FANNING SPRINGS,Gilchrist,,+1352-535-7680,https://www.dreambuildersusainc.com/,4.6,16,restoration company,,,0,0,,,none,restoration company,2026-08-29 05:14:32
1355,ChIJlzkp2b25aoQRKuOVkfZdCBk,KSK Services,,Fanning Springs,Gilchrist,,+1352-614-2112,https://kskservices.square.site/,5.0,17,restoration company,,,0,0,,,none,restoration company,2026-08-29 05:14:32
1356,ChIJydjkDyYh6YgRDgQ9ce5UWuo,Sylvie Auto Restoration,"6040 SW 84th Ln, Trenton, FL 32693",TRENTON,Levy,,+1318-790-0435,https://www.sylvieautorestorationfl.com/,5.0,16,restoration company,,,1,0,,,none,restoration company,2026-08-29 05:14:32
1357,ChIJIcF89yjb2wwRBWVg_9Ikunw,Home Resuscitation LLC,,Fanning Springs,Gilchrist,,+1863-214-1180,https://homeresuscitationllc.wixsite.com/mysite,5.0,1,disaster restoration company,,,1,0,,,none,disaster restoration company,2026-08-29 05:14:32
1358,ChIJDYa3rw-bVg8RDs5UaJkXc1U,"Water Right, LLC","9859 Kentucky Ave, Fanning Springs, FL 32693",FANNING SPRINGS,Gilchrist,,+1352-210-5500,https://waterrightdrilling.com/,4.8,19,disaster restoration company,,,0,0,,,none,disaster restoration company,2026-08-29 05:14:32
1359,ChIJb5stBF8d0WgRlQ6D_DbnObg,Manatee Springs HVAC,,Fanning Springs,Gilchrist,,+1352-890-0111,https://www.manateespringshvac.com/,5.0,48,disaster restoration company,,,0,0,,,none,disaster restoration company,2026-08-29 05:14:32
1360,ChIJw7WvHxbV7IgR23aNDQBupuE,Five Star painting and contracting llc,"2091 Cemetery Ave, Sneads, FL 32460",SNEADS,Jackson,,+1850-610-2323,https://fivestarpaintingandcontracting.voolt.com/,5.0,5,restoration company,,,0,0,,,none,restoration company,2026-08-29 05:14:46
1361,ChIJ4f3gm_XV7IgR5XCq7AiTbaI,S&J CONSTRUCTION SERVICES llc,"8167 US-90, Sneads, FL 32460",SNEADS,Jackson,,+1850-693-4895,,5.0,2,restoration company,,,0,0,,,none,restoration company,2026-08-29 05:14:46
1362,ChIJn3gwSmrT7IgR9IzkhXFpE1U,HVAC/Duct Care Experts Co.,"1698 Darby Rd, Sneads, FL 32460",SNEADS,Jackson,,+1850-203-3678,,5.0,2,restoration company,,,0,0,,,none,restoration company,2026-08-29 05:14:46
1363,ChIJGeRZMIHU7IgRIJyn-ZCD59k,West Florida Electric,"8292 US-90, Sneads, FL 32460",SNEADS,Jackson,,+1850-593-6491,http://www.westflorida.coop/,2.0,32,restoration company,,,0,0,,,none,restoration company,2026-08-29 05:14:46
1364,ChIJ0W_I4G4rk4gRWzzouB_oUaU,Affordable Seamless Gutters,"7524 Old US 90 Ln, Sneads, FL 32460",SNEADS,Jackson,,+1850-593-0009,http://affordableseamlessgutters.com/,5.0,1,restoration company,,,0,0,,,none,restoration company,2026-08-29 05:14:46
1365,ChIJPb8Mpqcrk4gRyAiZSZ8nKH0,Panhandle Polar Air LLC,"7791 Keevers Rd, Sneads, FL 32460",SNEADS,Jackson,,+1850-896-1305,,5.0,5,restoration company,,,0,0,,,none,restoration company,2026-08-29 05:14:46
1366,ChIJWQ-vhDznkogRSsUnfS8gJYY,JB's Contracting and Maintenance,"4471 Lafayette St, Marianna, FL 32446",MARIANNA,Jackson,,+1850-363-3111,https://ajobdonerightfl.com/?utm_source=google&utm_medium=organic&utm_campaign=1seo_gbp,4.7,102,restoration company,,,0,0,,,none,restoration company,2026-08-29 05:14:46
1367,ChIJxc-HYJCr2YgR32Fw2gNMzGA,Water Floods Restoration - Mold Remediation Services,,Sneads,Jackson,,+1954-380-8655,https://waterfloodsrestoration.com/,4.7,24,disaster restoration company,,,1,0,,,none,disaster restoration company,2026-08-29 05:14:46
1368,ChIJcQ7s44Vr6IgR_Ich5B_0IUE,West Central Equipment and Restoration,"1871 N Lecanto Hwy, Lecanto, FL 34461",LECANTO,Citrus,,+1352-270-8417,http://gowestcentral.com/,4.9,38,"disaster restoration company,fire and water damage restoration,restoration company,water damage restoration",,,1,0,,,none,"disaster restoration company,fire and water damage restoration,restoration company,water damage restoration",2026-08-29 05:15:01
1369,ChIJG3Ufu1dz6IgRiTEduH5RBaM,All Phase Restoration,"4434 E Arlington St, Inverness, FL 34453",INVERNESS,Citrus,,+1352-322-3565,https://allphaserestorationfl.com/,5.0,24,"fire and water damage restoration,mold remediation,restoration company,water damage restoration",,,1,0,,,none,"fire and water damage restoration,mold remediation,restoration company,water damage restoration",2026-08-29 05:15:02
1370,ChIJ5YoEke-q0YgRqxrN2HKaXig,"Certified Mold Treatment Solutions, LLC",,Cedar Key,Levy,,+1305-879-1839,http://certifiedmoldtreatment.com/,5.0,9,"mold assessment,mold inspection,mold testing",,,0,0,,,none,"mold assessment,mold inspection,mold testing",2026-08-29 05:15:04
1371,ChIJObRSKouPwogRIdqrPS3FIgQ,Safehouse Indoor Air Quality,,Cedar Key,Levy,,+1727-304-4333,https://safehouseiaq.com/,5.0,31,mold testing,,,0,0,,,none,mold testing,2026-08-29 05:15:05
1372,ChIJybIfuPQ8IgkRSyrLKZcRHOs,Certified Florida Mold Testing Expert LLC,,Cedar Key,Levy,,+1813-701-7111,https://flmoldtestingexpert.com/,5.0,1,mold testing,,,0,0,,,none,mold testing,2026-08-29 05:15:05
1373,ChIJE4cffqBt6IgRHbj38-ky2TI,Restoration Specialists Lecanto,"36 W Gulf To Lake Hwy, Lecanto, FL 34461",LECANTO,Citrus,,+1352-746-4878,https://restorationspecialists.com/,5.0,1,restoration company,,,1,0,,,none,restoration company,2026-08-29 05:15:05
1374,ChIJ94V3FI9r6IgRAtjvCR9cUfo,SERVPRO of Citrus County,"1371 N Lecanto Hwy, Lecanto, FL 34461",LECANTO,Citrus,,+1352-522-1053,https://www.servpro.com/locations/fl/servpro-of-citrus-county?utm_medium=organic&utm_source=gbp,4.0,24,"disaster restoration company,restoration company",,,1,0,,,none,"disaster restoration company,restoration company",2026-08-29 05:15:05
1375,ChIJSapAOHvA2YgRw10IUdATcgw,Disaster Pros Inc.,,Cedar Key,Levy,,+1305-283-3225,https://www.247disasterpros.com/,4.7,12,disaster restoration company,,,0,0,,,none,disaster restoration company,2026-08-29 05:15:05
1376,ChIJwadtISXHZGcRmvTim5JaVDw,Certified Mold Inspector Of Trenton,,Trenton,Levy,,+1609-913-2986,https://certifiedmoldinspector.us/trenton,5.0,4,"mold assessment,mold inspection",,,0,0,,,none,"mold assessment,mold inspection",2026-08-29 05:15:22
1377,ChIJ7xs-hXvn6IgRJhBkwARUjQM,TCB Services LLC,"11360 SE Co Rd 319, Trenton, FL 32693",TRENTON,Levy,,+1352-463-0788,http://tcbservicesllc.com/,5.0,2,"disaster restoration company,restoration company",,,0,0,,,none,"disaster restoration company,restoration company",2026-08-29 05:15:22
1378,ChIJu6K5_snd6IgRDfNLkLkfRD0,Huegenics Collision and Restoration,"579 SE 70th Lp, Trenton, FL 32693",TRENTON,Levy,,+1352-231-0276,http://www.huegenicsllc.com/,4.5,21,restoration company,,,1,0,,,none,restoration company,2026-08-29 05:15:22
1379,ChIJUREMO4zf6IgRTHwOcMWLAvA,Trenton Customs,"5220 SW Co Rd 341, Trenton, FL 32693",TRENTON,Levy,,+1907-390-9884,,,,restoration company,,,0,0,,,none,restoration company,2026-08-29 05:15:22
1380,ChIJZxo47OHd6IgRCxKBPDms9cI,Gray Construction Services,"222 W Wade St, Trenton, FL 32693",TRENTON,Levy,,+1352-463-3939,http://www.gray-construction.com/,5.0,6,restoration company,,,0,0,,,none,restoration company,2026-08-29 05:15:22
1381,ChIJR5FQ5t7i6IgRdZG0b-2pMeE,Rosewood Regulators Clock Repair,"7296 NW 163rd Pl, Trenton, FL 32693",TRENTON,Levy,,+1352-949-0968,http://www.rosewoodregulators.com/,5.0,8,restoration company,,,0,0,,,none,restoration company,2026-08-29 05:15:22
1382,ChIJo8zESQOC4k0RKexwLEPDFx0,Mr. & Mrs. Outdoor Living,"1831 E Wade St #102, Trenton, FL 32693",TRENTON,Levy,,+1352-740-3361,http://www.mrandmrsoutdoorliving.com/,4.1,13,restoration company,,,0,0,,,none,restoration company,2026-08-29 05:15:22
1383,ChIJX4Z12Dzd6IgRdDmAIlsKU_M,"Hurst Carpentry Co, LLC","529 NE 2nd Ave, Trenton, FL 32693",TRENTON,Levy,,,http://hurstcarpentryco.com/,4.8,33,disaster restoration company,,,0,0,,,none,disaster restoration company,2026-08-29 05:15:22
1384,ChIJ4_qNAcHS54gR216iVSvA0TE,HomeTeam Inspection Service Ocala,"422 NE 53rd St, Ocala, FL 34479",OCALA,Marion,,+1352-414-2496,http://www.hometeam.com/ocala,4.9,489,"mold assessment,mold inspection",,,0,0,,,none,"mold assessment,mold inspection",2026-08-29 05:15:37
1385,ChIJHcgj5I7U54gRquT-7bzM5rs,Cornerstone Inspections,"2100 SE 17 St Suite 110, Ocala, FL 34471",OCALA,Marion,,+1352-237-1819,https://trustcornerstone.com/,4.9,803,"mold assessment,mold inspection",,,0,1,MRSA2959,"POOL, LOUIS RAY",high,"mold assessment,mold inspection",2026-08-29 05:15:37
1386,ChIJ_Q_EzgIr5ogRKr72hT2Vf8Q,WATERFIELD SPORTHORSES LLC,"2109 NW 53rd Ct, Ocala, FL 34482",OCALA,Marion,,+1844-817-0288,http://emergencywaterdamagerestorationservice.space/,5.0,1,mold assessment,,,0,0,,,none,mold assessment,2026-08-29 05:15:37
1387,ChIJxZRrlmZnW6YR1El384NxLPU,Bullfrog Home Inspections,"6351 NE 175 Ave, Williston, FL 32696",WILLISTON,Levy,,+1719-235-0951,https://www.bullfroghomeinspections.com/,,,"mold inspection,mold testing",,,0,0,,,none,"mold inspection,mold testing",2026-08-29 05:15:37
1388,ChIJaSP82C-ZuwoRk6NVgw3yrJs,Eagle Eye Home Inspections NCFL,,Williston,Levy,,+1352-739-7007,https://www.eagleeyehomeinspections.house/,5.0,67,mold inspection,,,0,0,,,none,mold inspection,2026-08-29 05:15:37
1389,ChIJ_2Ms146R6IgRMBHyLlhrlrA,Classic Restoration of Williston,"824 N Main St, Williston, FL 32696",WILLISTON,Levy,,+1352-256-5183,,5.0,8,"disaster restoration company,restoration company",,,1,0,,,none,"disaster restoration company,restoration company",2026-08-29 05:15:37
1390,ChIJjdYhNrWN6IgR-YnJElARam8,Reaves Remodeling & Renovation LLC,"13961 NE 8 St, Williston, FL 32696",WILLISTON,Levy,,+1352-440-7448,,5.0,1,restoration company,,,1,0,,,none,restoration company,2026-08-29 05:15:37
1391,ChIJZ3TsFyeO6IgRSd-jF52WlOE,Wilson Stoneworks,"16172 NE 5 St, Williston, FL 32696",WILLISTON,Levy,,+1352-528-3444,https://wilsonstoneworks.net/,5.0,17,restoration company,,,0,0,,,none,restoration company,2026-08-29 05:15:37
1392,ChIJl6PaBk6P6IgRyPXrFNgVa7E,No Stress Endeavors LLC | Dumpster Rental | Land Clearing | Demolition Services,"416 NW 2nd Ave, Williston, FL 32696",WILLISTON,Levy,,+1305-900-8226,https://nostressdumpsters.com/,5.0,18,restoration company,,,0,0,,,none,restoration company,2026-08-29 05:15:37
1393,ChIJc4mVUO9bD4URVwKf3xDfCCM,ONE STOP UPHOLSTERY SHOP,,Williston,Levy,,+1352-317-7783,,5.0,9,restoration company,,,0,0,,,none,restoration company,2026-08-29 05:15:37
1394,ChIJZX1bOSeO6IgRmPJLAujMQRs,Williston Well And Pump inc,"2134, 31 N Main St, Williston, FL 32696",WILLISTON,Levy,,+1352-529-0021,https://www.willistonwellandpump.com/,4.9,104,disaster restoration company,,,0,0,,,none,disaster restoration company,2026-08-29 05:15:37
1395,ChIJWcPOspt0kYgRkgkWXaTQZkg,KG Restoration,"727 Ashley Dr, Crestview, FL 32536",CRESTVIEW,Okaloosa,,+1850-409-3182,https://www.kgrestore.com/,4.7,57,"fire and water damage restoration,mold assessment,mold remediation,mold testing,water damage restoration",,,1,1,MRSR5057,"GERG, KYLE",high,"fire and water damage restoration,mold assessment,mold remediation,mold testing,water damage restoration",2026-08-29 05:30:25
1396,ChIJozTyQO1DkYgRdCfAABbglXI,AdvantaClean of The Emerald Coast,"273 Azalea Dr, Destin, FL 32541",DESTIN,Okaloosa,,+1850-608-9919,https://www.advantaclean.com/destin-fl/,4.9,103,"fire and water damage restoration,mold remediation,mold testing,water damage restoration",,,0,0,,,none,"fire and water damage restoration,mold remediation,mold testing,water damage restoration",2026-08-29 05:30:26
1397,ChIJeUpsjy09kYgRG8u6korcoTI,Serclean Panhandle,"155 Blake Ave NW Bldg h, Fort Walton Beach, FL 32548",FORT WALTON BEACH,Okaloosa,,+1850-809-0240,https://serclean.com/?utm_source=GMB&utm_medium=local&utm_campaign=panhandle,5.0,19,"fire and water damage restoration,mold remediation,mold testing,water damage restoration",,,0,0,,,none,"fire and water damage restoration,mold remediation,mold testing,water damage restoration",2026-08-29 05:30:26
1398,ChIJnwGWAN5FkYgRyyBEWt_OQeQ,A+ Cleaning,"896 US-98 Suite D-203, Destin, FL 32541",DESTIN,Okaloosa,,+1850-842-0679,https://www.aplusrestorationandcleaning.com/,4.9,62,"mold remediation,mold testing,water damage restoration",,,0,0,,,none,"mold remediation,mold testing,water damage restoration",2026-08-29 05:30:26
1399,ChIJmaq8Yic8kYgRFZC263ZBEOM,SERVPRO of Fort Walton Beach,"425 B, Mary Esther Cut Off NW, Fort Walton Beach, FL 32548",FORT WALTON BEACH,Okaloosa,,+1850-629-5381,https://www.servpro.com/locations/fl/servpro-of-fort-walton-beach?utm_medium=organic&utm_source=gbp,4.5,127,"disaster restoration company,mold remediation,mold testing,water damage restoration",,,1,0,,,none,"disaster restoration company,mold remediation,mold testing,water damage restoration",2026-08-29 05:30:26
1400,ChIJnwq9u3BDkYgRYJTlReb6TDI,Moldsprayers LLC,"120 Meadow Woods Ln, Niceville, FL 32578",NICEVILLE,Okaloosa,,+1850-499-2227,https://www.moldsprayers.com/,4.4,22,"mold remediation,mold testing",,,0,1,MRSA360,"WILLNER, PAUL DOUGLAS",high,"mold remediation,mold testing",2026-08-29 05:30:26
1401,ChIJfci1ryk_kYgRk8CkR5zKSb4,BELFOR Property Restoration,"303 Lewis St Ste A, Fort Walton Beach, FL 32547",FORT WALTON BEACH,Okaloosa,,+1850-659-7574,https://www.belfor.com/,5.0,12,"disaster restoration company,mold remediation",,,1,0,,,none,"disaster restoration company,mold remediation",2026-08-29 05:30:26
1402,ChIJ83Pwhx4_kYgRBsl1JbP6BKY,"VeteransPride Inspection Services, LLC","820 Jonleen Dr, Fort Walton Beach, FL 32547",FORT WALTON BEACH,Okaloosa,,+1850-280-6152,http://www.veteransprideinspections.com/,4.8,69,"mold remediation,mold testing",,,0,1,MRSA5099,"VALENTINE, SCOTT",high,"mold remediation,mold testing",2026-08-29 05:30:26
1403,ChIJB6uainMX-EARtiUB7cPi9sg,Mako Contracting and Restoration LLC,,Holt,Okaloosa,,+1850-855-6686,https://restorationservices.com/,4.7,6,"disaster restoration company,mold inspection,mold remediation,restoration company",,,1,0,,,none,"disaster restoration company,mold inspection,mold remediation,restoration company",2026-08-29 05:30:26
1404,ChIJgfiYHy8NkYgRCeCWBkUBmi0,"1st Defense Home Inspections, LLC","2260 S Ferdon Blvd #325, Crestview, FL 32536",CRESTVIEW,Okaloosa,,+1850-826-0717,http://1stdefenseinspections.com/,4.9,2020,"mold assessment,mold testing",,,0,0,,,none,"mold assessment,mold testing",2026-08-29 05:30:26
1405,ChIJlV1Lgqh0kYgRWiuU6KJTalk,Ace Inspections,"1299 Industrial Dr, Crestview, FL 32539",CRESTVIEW,Okaloosa,,+1850-902-7060,http://aceinspections.pro/,4.9,285,"mold assessment,mold inspection,mold testing",,,0,0,,,none,"mold assessment,mold inspection,mold testing",2026-08-29 05:30:26
1406,ChIJwf5_tr4NkYgRxiJR_25fJZk,Eagle Eye Home Inspections LLC,"407 Jillian Dr, Crestview, FL 32536",CRESTVIEW,Okaloosa,,+1850-566-1274,http://www.eagleeye-homeinspections.com/,5.0,46,"mold assessment,mold testing",,,0,0,,,none,"mold assessment,mold testing",2026-08-29 05:30:26
1407,ChIJc5gZQjt1kYgRhik4YDltZ00,Home Boss Inspection,"914 N Ferdon Blvd Ste 3, Crestview, FL 32536",CRESTVIEW,Okaloosa,,+1850-361-8577,http://www.homebossinspection.com/,5.0,1,"mold assessment,mold inspection,mold testing",,,0,0,,,none,"mold assessment,mold inspection,mold testing",2026-08-29 05:30:26
1408,ChIJZVxl4F2WrwYRORnInMGJ8SM,Home Solutions Of NWFL,,Holt,Okaloosa,,+1850-333-9130,http://homesolutionsofnwfl.com/,5.0,76,"disaster restoration company,restoration company,water damage restoration",,,0,0,,,none,"disaster restoration company,restoration company,water damage restoration",2026-08-29 05:30:26
1409,ChIJTfm0LXl0kYgR2jiaaEwx4BY,"Emerald Coast Home Restoration, LLC",,Crestview,Okaloosa,,+1850-737-1587,https://m.facebook.com/emeraldcoasthomerestoration/,4.8,19,"disaster restoration company,restoration company",,,1,0,,,none,"disaster restoration company,restoration company",2026-08-29 05:30:26
1410,ChIJ71glKg1zkYgRF6iJnma0gR4,Fusion Cleaning & Restoration Services Crestview.,,Holt,Okaloosa,,+1850-651-6600,http://emeraldcoastfusion.com/,4.9,34,disaster restoration company,,,1,0,,,none,disaster restoration company,2026-08-29 05:30:26
1411,ChIJ0es8ytRykYgRt2dM8UWtgR8,Wood Perfect,,Holt,Okaloosa,,+1850-865-5378,http://woodperfectplus.com/,5.0,6,restoration company,,,0,0,,,none,restoration company,2026-08-29 05:30:26
1412,ChIJ__9zB2ojkYgRISM8zfmtLXQ,Payneless Tree Removal LLC,"5227 FL-4, Baker, FL 32531",BAKER,Okaloosa,,+1850-428-4456,,4.3,46,restoration company,,,0,0,,,none,restoration company,2026-08-29 05:30:26
1413,ChIJs68n7PDGkIgRBl-MV8KbU_k,"STB Restoration, Repair & Maintenance",,Baker,Okaloosa,,+1850-435-6780,http://www.stbrestoration.com/,5.0,27,restoration company,,,1,0,,,none,restoration company,2026-08-29 05:30:26
1414,ChIJbY6VP5PCkIgRqeA8FcDrTUU,US Restoration of Florida LLC,,Baker,Okaloosa,,+1850-530-5732,http://www.usrestorationllc.com/,5.0,1,restoration company,,,1,0,,,none,restoration company,2026-08-29 05:30:26
1415,ChIJFWdqlowPkYgRVPDQzqQLqHI,Emerald Coast Environmental Restoration LLC,,Holt,Okaloosa,,+1850-612-0563,,5.0,1,"disaster restoration company,restoration company",,,1,0,,,none,"disaster restoration company,restoration company",2026-08-29 05:30:26
1416,ChIJ5YbsRBgLkYgRgBCHgg2QMeg,Archer Appliance Repair,"1668 Garrett Mill Rd, Baker, FL 32531",BAKER,Okaloosa,,+1850-699-5238,,4.7,15,restoration company,,,0,0,,,none,restoration company,2026-08-29 05:30:26
1417,ChIJL7vRdMxcQWMRJ9YW1kAs3WI,Preservan Emerald Coast Wood Care and Repair,,Baker,Okaloosa,,+1850-985-2347,https://preservan.com/locations/emerald-coast/?utm_source=GMBlisting&utm_medium=organic,5.0,64,restoration company,,,0,0,,,none,restoration company,2026-08-29 05:30:26
1418,ChIJBwDiqQ-BX2gRUadYtCjmuwo,Coastal Services of FL LLC,,Holt,Okaloosa,,+1586-244-2881,,5.0,3,disaster restoration company,,,0,0,,,none,disaster restoration company,2026-08-29 05:30:26
1419,ChIJlw9xWpdzkYgRlKeuUnc2dNE,"R2 Realty Restoration, LLC","227 Pinoak Ct W, Crestview, FL 32539",CRESTVIEW,Okaloosa,,+1850-758-0201,http://r2realtyrestoration.com/,4.8,9,"disaster restoration company,restoration company",,,1,1,MRSR2773,"RENFRO, MICHAEL",high,"disaster restoration company,restoration company",2026-08-29 05:30:26
1420,ChIJhS1Gr6pwkYgR8S8POjAXgso,More Home Inspections,"5247 Mare Creek Dr, Crestview, FL 32539",CRESTVIEW,Okaloosa,,+1850-423-0606,,,,"mold assessment,mold inspection,mold testing",,,0,0,,,none,"mold assessment,mold inspection,mold testing",2026-08-29 05:30:50
1421,ChIJu3x3hMZzkYgR5uFC0_ErqhY,Water Progessions Experts Crestview,"101 Noble Cir, Crestview, FL 32539",CRESTVIEW,Okaloosa,,,,,,mold assessment,,,0,0,,,none,mold assessment,2026-08-29 05:30:50
1422,ChIJX6OMQMdWQacRwNNLfAFZMK0,"GB HOME INSPECTIONS, LLC",,Crestview,Okaloosa,,+1850-305-8186,https://www.gbhomeinspections.net/,5.0,22,mold inspection,,,0,0,,,none,mold inspection,2026-08-29 05:30:50
1423,ChIJk4LZlx4_kYgRj3ms952gOtA,Dri-pro restoration,"85 Beal Pkwy SW, Fort Walton Beach, FL 32548",FORT WALTON BEACH,Okaloosa,,+1850-974-1980,https://www.driprorestoration.com/,4.5,8,disaster restoration company,,,1,0,,,none,disaster restoration company,2026-08-29 05:30:50
1424,ChIJ_b9ce8g_kYgRaprV66faKK4,CertiPro Home Inspection,"611 Crowder Ct, Fort Walton Beach, FL 32547",FORT WALTON BEACH,Okaloosa,,+1850-849-9230,,4.2,5,"mold assessment,mold inspection,mold testing",,,0,0,,,none,"mold assessment,mold inspection,mold testing",2026-08-29 05:30:50
1425,ChIJyWHF7FdzkYgR5CoAjCJ2Mfo,Crestview Building Development Prmt,"198 Wilson St N, Crestview, FL 32536",CRESTVIEW,Okaloosa,,+1850-689-1618,https://www.cityofcrestview.org/161/Building-Permits-Inspections,5.0,3,mold inspection,,,0,0,,,none,mold inspection,2026-08-29 05:30:50
1426,ChIJNbsWlNo_kYgR-omZVOvT5aI,Wright Mold Removal & Testing,"1817 Lewis Turner Blvd Unit b, Fort Walton Beach, FL 32547",FORT WALTON BEACH,Okaloosa,,+1448-288-1256,,,,mold assessment,,,0,0,,,none,mold assessment,2026-08-29 05:30:50
1427,ChIJc5MGfDB1kYgRVP5Nxy5OADY,Smallwood Solutions LLC,"6336 Possum Ridge Rd, Crestview, FL 32539",CRESTVIEW,Okaloosa,,+1850-679-5590,https://sspermits.com/,5.0,13,mold testing,,,0,0,,,none,mold testing,2026-08-29 05:30:50
1428,ChIJw-ubY9h1kYgRXO1dNDSCj4w,Anderson's Cleaning,"6101 Garden City Rd, Crestview, FL 32539",CRESTVIEW,Okaloosa,,+1850-682-5326,http://andersonsclean.com/,4.9,62,"disaster restoration company,restoration company,water damage restoration",,,0,0,,,none,"disaster restoration company,restoration company,water damage restoration",2026-08-29 05:30:50
1429,ChIJ5bSsacA9OogRJwvD3rhLKKU,The Emerald Coast Smoke Damage Experts,"412 Mary Esther Cut Off NW #2, Fort Walton Beach, FL 32548",FORT WALTON BEACH,Okaloosa,,+1850-498-1835,http://smokefortwaltonbeach.com/,5.0,2,"disaster restoration company,fire and water damage restoration,restoration company,water damage restoration",,,0,0,,,none,"disaster restoration company,fire and water damage restoration,restoration company,water damage restoration",2026-08-29 05:30:50
1430,ChIJmdRDALpDkYgR6Y0LU5IaErA,Paul Davis Restoration of the Emerald Coast (Destin),"209 Main St, Destin, FL 32541",DESTIN,Okaloosa,,+1850-909-3011,https://emerald-coast.pauldavis.com/,5.0,69,"fire and water damage restoration,mold remediation,restoration company,water damage restoration",,,1,1,MRSR3956,"CLIFTON, GREGORY SCOTT",high,"fire and water damage restoration,mold remediation,restoration company,water damage restoration",2026-08-29 05:30:50
1431,ChIJQ-O__vlzkYgRctk2ljqXfCI,Affordable Home Repairs LLC,,Crestview,Okaloosa,,+1850-496-2984,,4.9,134,"disaster restoration company,water damage restoration",,,0,0,,,none,"disaster restoration company,water damage restoration",2026-08-29 05:30:50
1432,ChIJq30tADV3kYgRDUMnZbMfaUw,Home Restorations Specialists LLC,,Crestview,Okaloosa,,+1850-826-5794,https://homerestorationscleaning.com/,5.0,1,"disaster restoration company,restoration company",,,1,0,,,none,"disaster restoration company,restoration company",2026-08-29 05:30:50
1433,ChIJFy94No9QaWARIU7geNVaJa8,URBINA'S BUILDING RESTORATION LLC,,Crestview,Okaloosa,,+1850-485-0819,https://urbinasbuildingrestoration.com/,5.0,8,restoration company,,,1,0,,,none,restoration company,2026-08-29 05:30:50
1434,ChIJi6zYqNl1kYgRgQ91DLvoF9E,Maranatha Construction Services,"200 Kelly Rd Ste 107, Niceville, FL 32578",NICEVILLE,Okaloosa,,+1850-398-9609,https://maranathaconstructionservices.net/home,5.0,9,restoration company,,,0,0,,,none,restoration company,2026-08-29 05:30:50
1435,ChIJ612Z1xpDkYgRXjH6h-pQhDY,Dependable Home Inspections LLC,"175 Main St, Destin, FL 32541",DESTIN,Okaloosa,,+1850-359-6886,http://dependablehomeinspectionsfl.com/,5.0,450,"disaster restoration company,mold assessment,mold inspection,mold testing",,,0,0,,,none,"disaster restoration company,mold assessment,mold inspection,mold testing",2026-08-29 05:31:16
1436,ChIJ9cJaPYZDkYgRGeArSigHlEU,Wolfgang Construction & Renovation,"310 Main St, Destin, FL 32541",DESTIN,Okaloosa,,+1850-737-3334,https://sites.google.com/wolfgangconstruction.com/home/home,4.9,42,"disaster restoration company,mold assessment,mold inspection,restoration company",,,1,0,,,none,"disaster restoration company,mold assessment,mold inspection,restoration company",2026-08-29 05:31:16
1437,ChIJW_2wlDNZkYgR1F7__ui-vLQ,Destin Leak Detection,"755 Grand Blvd b105, Miramar Beach, FL 32550",MIRAMAR BEACH,Walton,,+1850-316-4377,http://www.destinleakdetection.com/,5.0,29,"mold inspection,mold testing",,,0,0,,,none,"mold inspection,mold testing",2026-08-29 05:31:16
1438,ChIJJ5wVbWSUcAIRsgEp_3CbvWU,"Southern Solutions Restoration, LLC",,Destin,Okaloosa,,+1850-714-2619,http://www.southernsolutionsrestoration.com/,5.0,1,"disaster restoration company,restoration company",,,1,0,,,none,"disaster restoration company,restoration company",2026-08-29 05:31:16
1439,ChIJqQ1Avv5DkYgRF9FwWv3q4k8,"Latitude 30A Restoration, Remodel, Repairs","Quailwood Dr, Destin, FL 32541",DESTIN,Okaloosa,,+1850-714-4441,http://www.latitude30a.com/,5.0,9,"disaster restoration company,restoration company",,,1,0,,,none,"disaster restoration company,restoration company",2026-08-29 05:31:16
1440,ChIJWap7i8BDkYgRZHTRIO0K-fs,Florida Pro Wash - Destin,"34990 Emerald Coast Pkwy Ste 346, Destin, FL 32541",DESTIN,Okaloosa,,+1850-780-8087,https://flprowash.com/areas-served/pressure-washing-destin-fl/,4.9,46,restoration company,,,0,0,,,none,restoration company,2026-08-29 05:31:16
1441,ChIJZ3yEVmZBkYgRMFA0e6WSRoA,Proteriors Complete Property Maintenance,"114 Palmetto St Ste 8, Destin, FL 32541",DESTIN,Okaloosa,,+1850-585-6207,https://www.proteriorscpm.com/,5.0,10,disaster restoration company,,,0,0,,,none,disaster restoration company,2026-08-29 05:31:16
1442,ChIJWVzwUkNDkYgRCVw8jY8SHr8,Renovations by Salt Water,"101 Mattie M Kelly Blvd Suite A, Destin, FL 32541",DESTIN,Okaloosa,,+1844-883-2733,https://renovationsbysaltwater.com/,5.0,1,disaster restoration company,,,1,0,,,none,disaster restoration company,2026-08-29 05:31:16
1443,ChIJIcQ0qC3crWERN1uGLwewCno,Pros Rem,,Destin,Okaloosa,,+1850-428-8158,http://www.prosrem.com/,5.0,28,disaster restoration company,,,0,0,,,none,disaster restoration company,2026-08-29 05:31:16
1444,ChIJzUjjiFFBkYgRvNaIO4EI02s,Destin Painting & Pressure Washing,"127 Harbor Blvd #4a, Destin, FL 32541",DESTIN,Okaloosa,,+1850-533-3352,http://www.destincontractors.com/,5.0,1,disaster restoration company,,,0,0,,,none,disaster restoration company,2026-08-29 05:31:16
1445,ChIJq1sq010_kYgRuH__P5qi-2g,Site-Pro Home Inspection,"31 Bayou Dr, Fort Walton Beach, FL 32547",FORT WALTON BEACH,Okaloosa,,+1850-226-1925,https://site-pro.us/,5.0,34,"mold assessment,mold inspection,mold testing",,,0,0,,,none,"mold assessment,mold inspection,mold testing",2026-08-29 05:31:41
1446,ChIJxcGwo0M-kYgRULYROsW7Y38,"Wright Attic-Solution & Insulation's & Dryer Vent Cleaning Service, FL","1015 Stafford St, Fort Walton Beach, FL 32547",FORT WALTON BEACH,Okaloosa,,+1850-641-5670,,5.0,7,mold assessment,,,1,0,,,none,mold assessment,2026-08-29 05:31:41
1447,ChIJfy1ONkc-kYgRsyOPRn-NzlU,"MNB'S Attic Insulation & Roofing Services Inc, FL","1200 Crosswinds Landing, Fort Walton Beach, FL 32547",FORT WALTON BEACH,Okaloosa,,+1239-345-7202,,4.4,7,mold assessment,,,1,0,,,none,mold assessment,2026-08-29 05:31:41
1448,ChIJxQg-QTk_kYgR3SIBvFsl4FA,"BRAND Attic Insulation & Roofing Services Inc, FL","108 Eglin Pkwy SE, Fort Walton Beach, FL 32548",FORT WALTON BEACH,Okaloosa,,+1239-345-7203,,4.2,9,mold assessment,,,1,0,,,none,mold assessment,2026-08-29 05:31:41
1449,ChIJ88nS1E8-kYgRvNzZ4468W9Q,"P&Y Pest Control Services and Dryer Vent Cleaning Services Of Fort Walton Beach, FL","909 Weeks Rd, Fort Walton Beach, FL 32547",FORT WALTON BEACH,Okaloosa,,,,4.7,6,mold assessment,,,0,0,,,none,mold assessment,2026-08-29 05:31:41
1450,ChIJBQ6IBts-kYgReWZZzpFwwR8,"EJK Dryer vent & Air Duct Cleaning Services Fort Walton Beach, FL","226 Coral Dr SW, Fort Walton Beach, FL 32548",FORT WALTON BEACH,Okaloosa,,+1850-517-2629,,4.7,11,mold assessment,,,0,0,,,none,mold assessment,2026-08-29 05:31:41
1451,ChIJn600UPQ-kYgRle4j3RXtjsU,"NWF'S Attic Insulation & Roofing Services Inc, FL","203 Pelham Rd, Fort Walton Beach, FL 32547",FORT WALTON BEACH,Okaloosa,,+1239-345-7649,,5.0,2,mold assessment,,,1,0,,,none,mold assessment,2026-08-29 05:31:41
1452,ChIJs-7mAeQ-kYgR_kN48vnGARQ,"LDR'S Attic Insulation & Roofing Services Inc, FL","104 Hudson Dr NW, Fort Walton Beach, FL 32548",FORT WALTON BEACH,Okaloosa,,+1239-345-7201,,3.8,5,mold assessment,,,1,0,,,none,mold assessment,2026-08-29 05:31:41
1453,ChIJYeDaKjc-kYgR60LoPw5Lk50,"ALL'S Attic Insulation & Roofing Services Inc, FL","837 Cardinal St, Fort Walton Beach, FL 32547",FORT WALTON BEACH,Okaloosa,,+1202-988-2123,,4.6,5,mold assessment,,,1,0,,,none,mold assessment,2026-08-29 05:31:41
1454,ChIJ3QRzXWs_kYgRPGvzvl9M9QA,Catstrong Indoor Air Quality Fort Walton Beach,"643 Gap Creek Dr #168, Fort Walton Beach, FL 32548",FORT WALTON BEACH,Okaloosa,,+1850-203-4560,,,,mold testing,,,0,0,,,none,mold testing,2026-08-29 05:31:41
1455,ChIJUzIvT3hAkYgRQDzrWJBwavI,Fusion Cleaning & Restoration,"124 Patrick Dr, Fort Walton Beach, FL 32547",FORT WALTON BEACH,Okaloosa,,+1850-651-6600,https://emeraldcoastfusion.com/,4.9,774,"restoration company,water damage restoration",,,1,0,,,none,"restoration company,water damage restoration",2026-08-29 05:31:41
1456,ChIJtxwn9HhDkYgRTNgV-5EC84w,Emerald Coast Xtreme Steam LLC,"1306 N Beal Extended STE 2, Fort Walton Beach, FL 32547",FORT WALTON BEACH,Okaloosa,,+1850-420-6169,https://www.emeraldcoastxtremesteam.com/,4.4,7,"disaster restoration company,fire and water damage restoration,restoration company,water damage restoration",,,0,0,,,none,"disaster restoration company,fire and water damage restoration,restoration company,water damage restoration",2026-08-29 05:31:41
1457,ChIJF5G1wKE_kYgR-Comq0kkEqI,Steam Vac Carpet Cleaners,"117 Katherine St, Fort Walton Beach, FL 32547",FORT WALTON BEACH,Okaloosa,,+1850-244-1060,https://www.steamvaccarpetcleaning.com/,4.8,711,"restoration company,water damage restoration",,,0,0,,,none,"restoration company,water damage restoration",2026-08-29 05:31:41
1458,ChIJCWOEVc8_kYgRtf55zqSHeuE,Reeves Home Restorations LLC,"340 Oakland Cir NW, Fort Walton Beach, FL 32548",FORT WALTON BEACH,Okaloosa,,+1850-530-0660,https://www.facebook.com/profile.php?id=61560356593360,5.0,3,restoration company,,,1,0,,,none,restoration company,2026-08-29 05:31:41
1459,ChIJH33ot1ldkYgRuM90Ss5dvjU,Element Restoration,,Fort Walton Beach,Okaloosa,,+1850-502-5810,https://www.element850.com/,5.0,7,"disaster restoration company,fire and water damage restoration,restoration company",,,1,0,,,none,"disaster restoration company,fire and water damage restoration,restoration company",2026-08-29 05:31:41
1460,ChIJk--uda4_kYgR8xJbVnT3tDs,BlueGuard Restoration,"4 Lovejoy Rd NW, Fort Walton Beach, FL 32548",FORT WALTON BEACH,Okaloosa,,+1448-210-1165,,3.4,10,restoration company,,,1,0,,,none,restoration company,2026-08-29 05:31:41
1461,ChIJnXJdeVNZ5SkRD8RG4DprCAQ,Falcon Remodeling Express,"24 Cape Dr NW #24, Fort Walton Beach, FL 32548",FORT WALTON BEACH,Okaloosa,,+1850-374-0820,https://falconremodelingexpressllc.com/,5.0,26,restoration company,,,0,0,,,none,restoration company,2026-08-29 05:31:41
1462,ChIJBfzy6go_kYgRdJcnbjSfw-g,Bathcrest Of NW Florida,"213 Truman St Unit A, Fort Walton Beach, FL 32547",FORT WALTON BEACH,Okaloosa,,+1850-864-2284,https://bathcrestnwf.com/,5.0,88,restoration company,,,0,0,,,none,restoration company,2026-08-29 05:31:41
1463,ChIJ9WeeHxg_kYgRWz0cq9ZOaxU,Acosta's Leather Services Emerald Coast,,Fort Walton Beach,Okaloosa,,+1850-293-0863,http://acostasleatherrepair.com/,4.8,73,restoration company,,,0,0,,,none,restoration company,2026-08-29 05:31:41
1464,ChIJZyxihEml2YgRxlfl2kU9wf0,Mold Remediation Inc.,,Holt,Okaloosa,,+1305-828-5602,https://www.iseemold.com/,5.0,2,"mold assessment,mold remediation",,,1,0,,,none,"mold assessment,mold remediation",2026-08-29 05:31:57
1465,ChIJ1ZyyBHkFkYgR1WZ9r9_YIE0,Ultimate Waste Solutions LLC,"549 Armistead Blvd, Holt, FL 32564",HOLT,Okaloosa,,+1850-306-5386,https://www.ultimatewastesolutions.com/,3.0,8,"mold remediation,restoration company",,,0,0,,,none,"mold remediation,restoration company",2026-08-29 05:31:57
1466,ChIJ-9OJn4ZijoURRzgEGkSNkJU,Mold Test Company - Florida,,Holt,Okaloosa,,+1844-930-6653,https://moldtestcompany.com/expert-help/mold-inspection-florida/,5.0,3,"mold assessment,mold testing",,,0,0,,,none,"mold assessment,mold testing",2026-08-29 05:31:57
1467,ChIJ6VnswwYCJmURV0C_kO71yJw,PureSpec Environmental,,Holt,Okaloosa,,+1321-324-7756,https://www.purespecenvironmental.com/,5.0,99,mold inspection,,,0,0,,,none,mold inspection,2026-08-29 05:31:57
1468,ChIJVVYnoILkNYQRXopXVDA0rig,Holistic Environmental Solutions,,Holt,Okaloosa,,+1786-580-9374,https://www.holisticenvironmental.com/,5.0,15,mold inspection,,,0,0,,,none,mold inspection,2026-08-29 05:31:58
1469,ChIJMRukIA7jkIgRGlD6ejHQP5Q,Reliable USA,,Holt,Okaloosa,,+1850-706-4507,,,,mold inspection,,,0,0,,,none,mold inspection,2026-08-29 05:31:58
1470,ChIJu7aUP9uYJoYR5SGNoN7pRFA,"Holt Home Inspections, LLC",,Holt,Okaloosa,,+1225-993-2197,,5.0,3,mold inspection,,,0,0,,,none,mold inspection,2026-08-29 05:31:58
1471,ChIJiTMMvz0FkYgRF6w0DH9iBJY,All about you pro services,"4236 Whippoorwill Dr, Holt, FL 32564",HOLT,Okaloosa,,+1850-480-6738,https://www.allaboutyouproservices.com/,5.0,2,"disaster restoration company,restoration company",,,0,0,,,none,"disaster restoration company,restoration company",2026-08-29 05:31:58
1472,ChIJGfCEv8t1kYgRu3XjQgGiOs4,OC's Towing,"598 Armistead Blvd, Holt, FL 32564",HOLT,Okaloosa,,+1850-682-5130,,4.0,160,restoration company,,,0,0,,,none,restoration company,2026-08-29 05:31:58
1473,ChIJ9-_2yc4OkYgREmkCDjXw-cw,Pilgrim Home Repair LLC,"3200 Canyon Trail, Baker, FL 32531",BAKER,Okaloosa,,+1850-603-0841,http://www.pilgrimhomerepair.com/8901.html,,,restoration company,,,0,0,,,none,restoration company,2026-08-29 05:31:58
